id|sub_cat_id|company_name_cn
001-001-001|001-001|Acura
001-001-002|001-001|愛快羅密歐
001-001-003|001-001|奧迪
001-001-004|001-001|寶馬
001-001-005|001-001|賓利
001-001-006|001-001|快意
001-001-007|001-001|福特
001-001-008|001-001|本田
001-001-009|001-001|現代
001-001-010|001-001|英菲尼迪
001-001-011|001-001|Jaguar
001-001-012|001-001|起亞
001-001-013|001-001|Land Rover
001-001-014|001-001|凌志
001-001-015|001-001|蓮花
001-001-016|001-001|瑪莎拉蒂
001-001-017|001-001|萬事得
001-001-018|001-001|平治
001-001-019|001-001|Mini
001-001-020|001-001|三菱
001-001-021|001-001|日產
001-001-022|001-001|保時捷
001-001-023|001-001|勞斯萊斯
001-001-024|001-001|Smart
001-001-025|001-001|Subaru
001-001-026|001-001|鈴木
001-001-027|001-001|Tesla
001-001-028|001-001|豐田
001-001-029|001-001|大眾汽車
001-001-030|001-001|富豪
001-002-031|001-002|蜆殼
001-002-032|001-002|中國石油
001-002-033|001-002|中石化
001-002-034|001-002|ESSO
001-002-035|001-002|加德士
001-003-036|001-003|基石
001-003-037|001-003|E-Charge
001-003-038|001-003|宜加充電
001-003-039|001-003|Mercedes-benz EQ
001-003-040|001-003|施耐德電氣
001-003-041|001-003|SmartCharge
001-003-042|001-003|Tesla
001-003-043|001-003|Autotoll VGO
001-003-044|001-003|中電
001-003-045|001-003|港燈
001-003-046|001-003|其他
002-004-047|002-004|中國銀行(香港)有限公司
002-004-048|002-004|交通銀行(香港)有限公司
002-004-049|002-004|東亞銀行有限公司
002-004-050|002-004|中信銀行國際有限公司
002-004-051|002-004|中國建設銀行(亞洲)股份有限公司
002-004-052|002-004|集友銀行有限公司
002-004-053|002-004|創興銀行有限公司
002-004-054|002-004|花旗銀行(香港)有限公司
002-004-055|002-004|大新銀行有限公司
002-004-056|002-004|星展銀行(香港)有限公司
002-004-057|002-004|富邦銀行(香港)有限公司
002-004-058|002-004|恒生銀行有限公司
002-004-059|002-004|香港上海滙豐銀行有限公司
002-004-060|002-004|中國工商銀行(亞洲)有限公司
002-004-061|002-004|南洋商業銀行有限公司
002-004-062|002-004|華僑永亨銀行有限公司
002-004-063|002-004|大眾銀行(香港)有限公司
002-004-064|002-004|上海商業銀行有限公司
002-004-065|002-004|渣打銀行(香港)有限公司
002-004-066|002-004|大生銀行有限公司
002-004-067|002-004|大有銀行有限公司
002-004-068|002-004|招商永隆銀行有限公司
002-004-069|002-004|天星銀行有限公司
002-004-070|002-004|螞蟻銀行(香港)有限公司
002-004-071|002-004|富融銀行有限公司
002-004-072|002-004|Livi Bank Limited
002-004-073|002-004|Mox Bank
002-004-074|002-004|平安壹賬通銀行(香港)有限公司
002-004-075|002-004|匯立銀行有限公司
002-004-076|002-004|眾安銀行有限公司
002-005-077|002-005|Visa
002-005-078|002-005|萬事達卡
002-005-079|002-005|美國運通
002-005-080|002-005|JCB
002-005-081|002-005|銀聯
002-006-082|002-006|邦民日本財務
002-006-083|002-006|安信
002-006-084|002-006|WeLend
002-006-085|002-006|優尚信貸
002-006-086|002-006|AEON信貸財務
002-007-087|002-007|美國友邦保險
002-007-088|002-007|藍十字(亞太)保險有限公司
002-007-089|002-007|中國平安保險(香港)公司
002-007-090|002-007|中國人壽保險股份有限公司香港分公司
002-007-091|002-007|香港信諾環球保險公司
002-007-092|002-007|英國保誠保險有限公司(香港)
002-007-093|002-007|宏利香港
002-007-094|002-007|太平洋人壽保險有限公司
002-007-095|002-007|蘇黎世保險集團 (香港)
002-007-096|002-007|安盛保險
002-007-097|002-007|保柏(亞洲)有限公司
002-007-098|002-007|富衛保險
002-007-099|002-007|富通保險(亞洲)有限公司
002-007-100|002-007|意大利忠利保險(香港)
002-007-101|002-007|美亞保險
002-007-102|002-007|富勤保險(香港)有限公司
002-007-103|002-007|三井住友海上火災保險（香港）有限公司
002-007-104|002-007|保泰人壽
002-008-105|002-008|安本香港有限公司
002-008-106|002-008|聯博香港有限公司
002-008-107|002-008|安聯環球投資亞太有限公司
002-008-108|002-008|東方匯理資產管理香港有限公司
002-008-109|002-008|安盛投資管理亞洲有限公司
002-008-110|002-008|霸菱資產管理(亞洲)有限公司
002-008-111|002-008|東亞聯豐投資管理有限公司
002-008-112|002-008|貝萊德資產管理北亞有限公司
002-008-113|002-008|BMO Global Asset Management (Asia) Limited
002-008-114|002-008|法國巴黎資產管理亞洲有限公司
002-008-115|002-008|中銀香港資產管理有限公司
002-008-116|002-008|中銀國際英國保誠資產管理有限公司
002-008-117|002-008|Capital Group
002-008-118|002-008|中國國際金融香港資產管理有限公司
002-008-119|002-008|中國人壽富蘭克林資產管理(香港)有限公司
002-008-120|002-008|匯添富資產管理(香港)有限公司
002-008-121|002-008|上投摩根資產管理 (香港)有限公司
002-008-122|002-008|Citigroup First Investment Management Limited
002-008-123|002-008|DWS Investment S.A.
002-008-124|002-008|易方達資產管理(香港)有限公司
002-008-125|002-008|瀚亞投資(香港)有限公司
002-008-126|002-008|富達基金(香港)有限公司
002-008-127|002-008|First Sentier Investors (Hong Kong) Limited
002-008-128|002-008|富蘭克林鄧普頓投資 (亞洲)有限公司
002-008-129|002-008|高騰國際資產管理有限公司
002-008-130|002-008|高盛資產管理(香港)有限公司
002-008-131|002-008|國泰君安資產管理(亞洲)有限公司
002-008-132|002-008|恆生投資管理有限公司
002-008-133|002-008|嘉實國際資產管理有限公司
002-008-134|002-008|滙豐環球投資管理(香港)有限公司
002-008-135|002-008|景順投資管理有限公司
002-008-136|002-008|摩根基金(亞洲)有限公司
002-008-137|002-008|駿利亨德森投資香港有限公司
002-008-138|002-008|木星資產管理(香港)有限公司
002-008-139|002-008|英仕曼投資(香港)有限公司
002-008-140|002-008|宏利投資管理(香港)有限公司
002-008-141|002-008|銘基環球投資(香港)有限公司
002-008-142|002-008|未來資產環球投資(香港) 有限公司
002-008-143|002-008|麻省金融服務國際(香港)有限公司
002-008-144|002-008|摩根士丹利亞洲有限公司
002-008-145|002-008|路博邁亞洲有限公司
002-008-146|002-008|法盛投資管理香港有限公司
002-008-147|002-008|晉達資產管理香港有限公司
002-008-148|002-008|瑞士百達資產管理(香港)有限公司
002-008-149|002-008|PIMCO (Asia) Limited
002-008-150|002-008|柏瑞投資亞洲有限公司
002-008-151|002-008|中國平安資產管理(香港)有限公司
002-008-152|002-008|信安資金管理（亞洲）有限公司
002-008-153|002-008|荷寶投資管理集團
002-008-154|002-008|施羅德投資管理(香港)有限公司
002-008-155|002-008|道富環球投資管理亞洲有限公司
002-008-156|002-008|泰康資產管理 (香港)有限公司
002-008-157|002-008|天利投資管理香港有限公司
002-008-158|002-008|瑞士銀行 - 環球資產管理
002-008-159|002-008|惠理基金管理公司
002-008-160|002-008|行健資產管理有限公司
002-009-161|002-009|八達通
002-009-162|002-009|Payme
002-009-163|002-009|Paypal
002-009-164|002-009|支付寶
002-009-165|002-009|拍住賞
003-010-166|003-010|宏碁
003-010-167|003-010|Anker
003-010-168|003-010|蘋果
003-010-169|003-010|華碩
003-010-170|003-010|博西華
003-010-171|003-010|Bose
003-010-172|003-010|百靈
003-010-173|003-010|Bruno
003-010-174|003-010|佳能
003-010-175|003-010|開利
003-010-176|003-010|迪比亞
003-010-177|003-010|戴爾
003-010-178|003-010|DELONGHI
003-010-179|003-010|大疆
003-010-180|003-010|戴森
003-010-181|003-010|伊萊克斯
003-010-182|003-010|愛普生
003-010-183|003-010|Fitbit
003-010-184|003-010|FOREO
003-010-185|003-010|豐澤牌
003-010-186|003-010|Garmin
003-010-187|003-010|日立
003-010-188|003-010|惠普
003-010-189|003-010|華為
003-010-190|003-010|捷波朗
003-010-191|003-010|聯想
003-010-192|003-010|LG
003-010-193|003-010|Linksys
003-010-194|003-010|羅技
003-010-195|003-010|馬歇爾
003-010-196|003-010|小米
003-010-197|003-010|微軟
003-010-198|003-010|Miele
003-010-199|003-010|米家
003-010-200|003-010|三菱電機
003-010-201|003-010|Nespresso
003-010-202|003-010|NETGEAR
003-010-203|003-010|OSIM
003-010-204|003-010|樂聲牌
003-010-205|003-010|飛歌
003-010-206|003-010|飛利浦
003-010-207|003-010|POCO
003-010-208|003-010|雷蛇
003-010-209|003-010|Recolte
003-010-210|003-010|三星電子
003-010-211|003-010|西門子
003-010-212|003-010|SONOS
003-010-213|003-010|索尼
003-010-214|003-010|特福
003-010-215|003-010|東芝
003-010-216|003-010|TP-Link
003-010-217|003-010|Vinvautz
003-010-218|003-010|惠而浦
003-010-219|003-010|金章
003-011-220|003-011|富士
003-011-221|003-011|索尼
003-011-222|003-011|佳能
003-011-223|003-011|樂聲
003-011-224|003-011|尼康
003-011-225|003-011|徠卡
003-011-226|003-011|賓得
003-011-227|003-011|奥林巴斯
003-011-228|003-011|哈蘇
003-011-229|003-011|理光
003-011-230|003-011|適馬
003-011-231|003-011|卡西歐
003-011-232|003-011|三星
003-011-233|003-011|小蟻
003-012-234|003-012|阿爾卡特
003-012-235|003-012|蘋果
003-012-236|003-012|華碩
003-012-237|003-012|BlackBerry
003-012-238|003-012|黑鯊
003-012-239|003-012|榮耀
003-012-240|003-012|華為
003-012-241|003-012|小米
003-012-242|003-012|諾基亞
003-012-243|003-012|歐珀
003-012-244|003-012|飛利浦
003-012-245|003-012|POCO
003-012-246|003-012|Realme
003-012-247|003-012|紅米
003-012-248|003-012|三星電子
003-012-249|003-012|索尼
003-012-250|003-012|Ulefone
003-012-251|003-012|維沃
003-012-252|003-012|Xero
003-013-253|003-013|中國移動
003-013-254|003-013|中國聯通
003-013-255|003-013|環電寬頻
003-013-256|003-013|香港寬頻
003-013-257|003-013|有線電視
003-013-258|003-013|香港電訊
003-013-259|003-013|和記 3
003-013-260|003-013|數碼通
004-014-261|004-014|1881 Heritage
004-014-262|004-014|銅鑼灣地帶
004-014-263|004-014|中港城
004-014-264|004-014|東薈城名店倉
004-014-265|004-014|太古城中心
004-014-266|004-014|荃新天地
004-014-267|004-014|D2 Place
004-014-268|004-014|圓方
004-014-269|004-014|Fashion Walk
004-014-270|004-014|家樂坊
004-014-271|004-014|雅蘭中心
004-014-272|004-014|海港城
004-014-273|004-014|荷里活商業中心
004-014-274|004-014|希慎廣場
004-014-275|004-014|國際金融中心商場
004-014-276|004-014|iSQUARE 國際廣場
004-014-277|004-014|K11購物藝術館
004-014-278|004-014|K11 MUSEA
004-014-279|004-014|東角 LAFORET
004-014-280|004-014|置地廣場
004-014-281|004-014|朗豪坊
004-014-282|004-014|利園
004-014-283|004-014|利舞臺 禮頓中心
004-014-284|004-014|利東街
004-014-285|004-014|美麗華廣場
004-014-286|004-014|新世紀廣場
004-014-287|004-014|奧海城
004-014-288|004-014|太古廣場
004-014-289|004-014|山頂廣場
004-014-290|004-014|新港中心
004-014-291|004-014|赤柱廣場
004-014-292|004-014|時代廣場
004-014-293|004-014|T.O.P This is Our Place
004-014-294|004-014|The ONE
004-014-295|004-014|The Pulse, Repulse Bay
004-014-296|004-014|新太陽廣場
004-014-297|004-014|屯門市廣場
004-014-298|004-014|尖沙咀中心 帝國中心
004-014-299|004-014|皇室堡
004-014-300|004-014|世貿中心
004-014-301|004-014|淘大商場
004-014-302|004-014|apm
004-014-303|004-014|泓景滙商場
004-014-304|004-014|壹號名薈
004-014-305|004-014|愉景新城
004-014-306|004-014|K Plus
004-014-307|004-014|荃灣千色匯
004-014-308|004-014|元朗千色匯
004-014-309|004-014|康怡廣場
004-014-310|004-014|青衣城
004-014-311|004-014|新都城中心
004-014-312|004-014|新都會廣場
004-014-313|004-014|新都廣場
004-014-314|004-014|新港城中心
004-014-315|004-014|Nan Fung Place
004-014-316|004-014|新城市廣場
004-014-317|004-014|如心廣場
004-014-318|004-014|海之戀商場
004-014-319|004-014|荷里活廣場
004-014-320|004-014|PopCorn
004-014-321|004-014|沙田中心 沙田廣場
004-014-322|004-014|利奧坊
004-014-323|004-014|大埔超級城
004-014-324|004-014|德福廣場
004-014-325|004-014|海逸坊
004-014-326|004-014|宇晴滙
004-014-327|004-014|屯門時代廣場
004-014-328|004-014|荃灣廣場
004-014-329|004-014|新達廣場
004-014-330|004-014|V city
004-014-331|004-014|V Walk
004-014-332|004-014|港景匯商場
004-014-333|004-014|黃埔天地
004-014-334|004-014|形點
004-014-335|004-014|元朗廣場
004-015-336|004-015|長江實業集團有限公司
004-015-337|004-015|華人置業集團
004-015-338|004-015|華懋集團
004-015-339|004-015|英皇集團
004-015-340|004-015|鷹君集團
004-015-341|004-015|恒隆地產
004-015-342|004-015|恒基兆業地產有限公司
004-015-343|004-015|置地集團
004-015-344|004-015|希慎集團
004-015-345|004-015|嘉里建設
004-015-346|004-015|九龍建業
004-015-347|004-015|麗新集團
004-015-348|004-015|羅氏集團
004-015-349|004-015|領展
004-015-350|004-015|美麗華集團
004-015-351|004-015|地鐵
004-015-352|004-015|南豐集團
004-015-353|004-015|新世界發展
004-015-354|004-015|信和集團
004-015-355|004-015|新鴻基地產
004-015-356|004-015|太古地產
004-015-357|004-015|九龍倉置業
004-016-358|004-016|3hreeSixty
004-016-359|004-016|759阿信屋
004-016-360|004-016|C!ty'super
004-016-361|004-016|Market Place by Jasons
004-016-362|004-016|Taste
004-016-363|004-016|UNY
004-016-364|004-016|U購Select
004-016-365|004-016|一田百貨
004-016-366|004-016|佳宝食品超級市場
004-016-367|004-016|優品360
004-016-368|004-016|唐吉訶德
004-016-369|004-016|大昌食品市場
004-016-370|004-016|惠康
004-016-371|004-016|aeon
004-016-372|004-016|百佳超級市場 / taste / gourmet fine food
004-016-373|004-016|華潤萬家
004-016-374|004-016|香港電視購物網絡
005-017-375|005-017|OK 便利店
005-017-376|005-017|7-11 便利店
005-017-377|005-017|家園便利店
005-017-378|005-017|VanGo
005-018-379|005-018|萬寧
005-018-380|005-018|屈臣氏
005-018-381|005-018|榮利西藥房
005-018-382|005-018|錦生大藥房
005-018-383|005-018|永佳大藥房
005-018-384|005-018|祥興西藥房
005-018-385|005-018|大華西藥房
005-018-386|005-018|恒生中西參茸藥房
005-018-387|005-018|仁愛藥房
005-018-388|005-018|運城中西大藥房
005-018-389|005-018|南華藥房
005-018-390|005-018|富安西藥房
005-018-391|005-018|海運藥房
005-018-392|005-018|高華大藥房
005-018-393|005-018|浩華大藥房
005-018-394|005-018|鴻興西藥房
005-018-395|005-018|新興藥房
005-018-396|005-018|嘉文藥房
005-018-397|005-018|環球西藥房
005-018-398|005-018|榮發藥房
005-018-399|005-018|和平藥房
005-018-400|005-018|永興藥房
005-018-401|005-018|金檳藥房
005-018-402|005-018|忠信藥房
005-018-403|005-018|順海國際集團中西大藥房
005-018-404|005-018|誠信大藥房
005-018-405|005-018|廣大西藥房
005-018-406|005-018|潮發大藥房
005-018-407|005-018|榮泰大藥房
005-018-408|005-018|彩運西藥房
005-018-409|005-018|長豐中西藥房超級市場
005-018-410|005-018|聯安大藥房
005-018-411|005-018|長春中西藥房
005-018-412|005-018|中大西藥房
005-018-413|005-018|海健藥房
005-018-414|005-018|啓源中西藥房
005-018-415|005-018|正興大藥房
005-018-416|005-018|富大西藥房
005-018-417|005-018|安康大藥房
005-018-418|005-018|達隆藥房 (樂道）
005-018-419|005-018|達隆藥房 （河內道）
005-018-420|005-018|潮州大藥房
005-018-421|005-018|大來大藥房
005-018-422|005-018|潮州藥房
005-018-423|005-018|新城中西藥房
005-018-424|005-018|德成大藥房
005-018-425|005-018|德信大藥房
005-018-426|005-018|智文藥房 （旺角）
005-018-427|005-018|智文藥房 （黃大仙）
005-018-428|005-018|榮華中西藥房
005-018-429|005-018|卓興大藥房
005-018-430|005-018|福興大藥房
005-018-431|005-018|興盛大藥房
005-018-432|005-018|鈞興大藥房
005-018-433|005-018|富明西藥房
005-018-434|005-018|富華西藥房
005-018-435|005-018|富明西藥房
005-018-436|005-018|偉華西藥房
005-018-437|005-018|偉華西藥房
005-018-438|005-018|鴻運大藥房
005-018-439|005-018|鴻運中西大藥房
005-018-440|005-018|金安參茸藥房
005-018-441|005-018|利康中西藥房(奧海)
005-018-442|005-018|信昌中西藥房
005-018-443|005-018|信興藥房
005-018-444|005-018|康福中西大藥房
005-018-445|005-018|藝海參茸西藥房
005-018-446|005-018|萬事達西藥房
005-018-447|005-018|康健西藥房
005-018-448|005-018|銘森大藥房
005-018-449|005-018|長春正行中西藥房
005-018-450|005-018|正安中西藥房
005-018-451|005-018|金英化粧藥房
005-018-452|005-018|建業中西大藥房
005-018-453|005-018|銓豐大藥房
005-018-454|005-018|萬藥坊中西大藥房
005-018-455|005-018|冠生中西大藥房
005-018-456|005-018|忠誠大藥房
005-018-457|005-018|建樂大藥房
005-018-458|005-018|恒誠大藥房化粧品
005-018-459|005-018|榮華參茸中西藥房
005-018-460|005-018|佐敦大藥房
005-018-461|005-018|信誠有利藥房
005-018-462|005-018|信德中西藥房
005-018-463|005-018|奧新藥房
005-018-464|005-018|龍豐
005-018-465|005-018|威峯大藥房
005-018-466|005-018|仁心中西藥房
005-018-467|005-018|金寶大藥房
005-018-468|005-018|西環中西大藥房
005-018-469|005-018|寶信藥房
005-018-470|005-018|宏基中西藥房
005-018-471|005-018|新寧藥房
005-018-472|005-018|長榮藥房
005-018-473|005-018|榮興藥房
005-018-474|005-018|長泰西藥房
005-018-475|005-018|勝利大藥房
005-018-476|005-018|民生藥房
005-018-477|005-018|新昌大藥房
005-018-478|005-018|富裕中西藥房
005-018-479|005-018|友康寧藥房
005-018-480|005-018|宜安大藥房
005-018-481|005-018|健豐中西藥房
005-018-482|005-018|天力藥房
005-018-483|005-018|海洋中西大藥房
005-018-484|005-018|海昇西藥房
005-018-485|005-018|潮興大藥房
005-018-486|005-018|金星西藥房
005-018-487|005-018|中華中西藥房
005-018-488|005-018|榮興蔘茸中西藥房
005-018-489|005-018|振興中西藥房
005-018-490|005-018|天星藥房
005-018-491|005-018|順明藥房
005-018-492|005-018|義成藥房
005-018-493|005-018|金輪中西參茸大藥房
005-018-494|005-018|國城大藥房
005-018-495|005-018|富明西藥房
005-018-496|005-018|健威大藥房
005-018-497|005-018|恒信大藥房
005-018-498|005-018|嘉利大藥房
005-018-499|005-018|信義大藥房
005-018-500|005-018|誠德大藥房
005-018-501|005-018|卓興大藥房
005-018-502|005-018|泓盛大藥房
005-018-503|005-018|富泰藥房
005-018-504|005-018|嘉寧中西藥房
005-018-505|005-018|德康大藥房
005-018-506|005-018|健盈大藥房
005-018-507|005-018|中國藥房 （柴灣）
005-018-508|005-018|中國藥房（小西灣）
005-018-509|005-018|峻業藥房
005-018-510|005-018|全昌藥房
005-018-511|005-018|卓興西藥房
005-018-512|005-018|富豐大藥房
005-018-513|005-018|僑豐西藥房
005-018-514|005-018|新富強藥房
005-018-515|005-018|長江德發中西藥房
005-018-516|005-018|欣榮大藥房
005-018-517|005-018|富盈大藥房
005-018-518|005-018|嘉華參茸中西大藥房
005-018-519|005-018|保寧藥房
005-018-520|005-018|大鵬中西藥房
005-018-521|005-018|聯城中西大藥房
005-018-522|005-018|仁康中西藥房
005-018-523|005-018|永寧西藥房
005-018-524|005-018|恒興中西藥房
005-018-525|005-018|信譽環球藥房
005-018-526|005-018|新輝大藥房
005-018-527|005-018|和豐藥房
005-018-528|005-018|聯益中西藥房
005-018-529|005-018|屯門藥房
005-018-530|005-018|東亞藥房
005-018-531|005-018|東亞大藥房
005-018-532|005-018|華興中西藥房
005-018-533|005-018|新兆和西藥房
005-018-534|005-018|健安西藥房
005-018-535|005-018|新明藥房
005-018-536|005-018|長春參茸中西藥房
005-018-537|005-018|富城中西大藥房
005-018-538|005-018|德仁中西大藥房
005-018-539|005-018|智生大藥房
005-018-540|005-018|志成大藥房
005-018-541|005-018|百鍵(香港)藥房
005-018-542|005-018|一寶藥房及保健中心
005-018-543|005-018|長城國產藥業西藥房
005-018-544|005-018|歐冠大藥房
005-018-545|005-018|寶康藥房
005-018-546|005-018|新城中西藥房
005-018-547|005-018|新都城中西藥房
005-018-548|005-018|新城藥房
005-018-549|005-018|國城大藥房
005-018-550|005-018|智文藥房（沙田）
005-018-551|005-018|智文藥房（屯門）
005-018-552|005-018|智文藥房（元朗）
005-018-553|005-018|榮華參茸中西藥房（沙田）
005-018-554|005-018|榮華參茸中西藥房（荃灣)
005-018-555|005-018|榮華參茸中西藥房(將軍澳尚德邨)
005-018-556|005-018|榮華参茸中西藥房(葵涌)
005-018-557|005-018|榮華參茸中西藥房(將軍澳厚德邨)
005-018-558|005-018|榮華參茸中西藥房(天水圍)
005-018-559|005-018|榮華參茸中西藥房(將軍澳PopCorn)
005-018-560|005-018|富明中西藥房
005-018-561|005-018|冠華西藥房
005-018-562|005-018|仁安大藥房
005-018-563|005-018|港城中西大藥房
005-018-564|005-018|冠文西藥房
005-018-565|005-018|冠生中西大藥房
005-018-566|005-018|冠誠西藥房
005-018-567|005-018|金安參茸藥房
005-018-568|005-018|榮健藥房
005-018-569|005-018|利康中西藥房
005-018-570|005-018|康城西藥房
005-018-571|005-018|嘉城西藥房
005-018-572|005-018|名譽藥房
005-018-573|005-018|恒威大藥房
005-018-574|005-018|荃威大藥房
005-018-575|005-018|新宏興中西藥房
005-018-576|005-018|達城大藥房(沙田）
005-018-577|005-018|達城大藥房（粉嶺）
005-018-578|005-018|中正藥房
005-018-579|005-018|萬順安粧藥
005-018-580|005-018|華興大藥房
005-018-581|005-018|志成大藥房
005-018-582|005-018|寶健大藥房
005-018-583|005-018|華氏大藥房
005-018-584|005-018|金安美藥
005-018-585|005-018|道安(富榮)藥房
005-018-586|005-018|聯誠大藥房化粧品
005-018-587|005-018|新利西藥房
005-018-588|005-018|文康大藥房
005-018-589|005-018|駿宏參茸中西藥房
005-018-590|005-018|宏鍵藥房
005-018-591|005-018|大德藥房
005-018-592|005-018|龍豐藥房（元朗）
005-018-593|005-018|龍豐藥房（粉嶺)
005-018-594|005-018|龍豐藥房(上水)
005-018-595|005-018|莉滿藥房(安寧路)
005-018-596|005-018|莉滿藥房(壽富街)
005-018-597|005-018|寶萊大藥房
005-018-598|005-018|尚德藥房
005-018-599|005-018|廣誠大藥房
005-018-600|005-018|和田藥妝
005-018-601|005-018|卓興西藥房
005-019-602|005-019|農本方
005-019-603|005-019|華潤堂
005-019-604|005-019|余仁生
005-019-605|005-019|南北行
005-019-606|005-019|東方紅
005-020-607|005-020|中原電器
005-020-608|005-020|Panasonic 陳列室 / 人気电器店 / PanaShop
005-020-609|005-020|張毛記電業
005-020-610|005-020|百老滙電器
005-020-611|005-020|衛訊電訊
005-020-612|005-020|豐澤電器
005-020-613|005-020|領域電訊
005-020-614|005-020|香港蘇寧
005-021-615|005-021|宜家家居
005-021-616|005-021|無印良品
005-021-617|005-021|實惠
005-021-618|005-021|Tree
005-021-619|005-021|Thorn and Burrow
005-021-620|005-021|Decor8
005-021-621|005-021|Bamboa Home
005-021-622|005-021|Stockroom
005-021-623|005-021|Francfranc
005-021-624|005-021|iDecorate
005-021-625|005-021|住好D
005-021-626|005-021|Homeless
005-021-627|005-021|歐化傢俬
005-021-628|005-021|Fika
005-021-629|005-021|Indigo Living
005-021-630|005-021|帝家設計
005-021-631|005-021|KUKA HOME
005-021-632|005-021|法比梳化設計
005-021-633|005-021|Sofasogood
005-021-634|005-021|原木生活
005-021-635|005-021|at. home
005-021-636|005-021|茲曼尼
005-021-637|005-021|名華軒
005-021-638|005-021|家匠
005-022-639|005-022|Dan Ryans Chicago Grill
005-022-640|005-022|Cali-Mex Bar & Grill
005-022-641|005-022|Ruth's Chris Steak House
005-022-642|005-022|Ruby Tuesday
005-022-643|005-022|Elephant Grounds
005-022-644|005-022|Pizza Express
005-022-645|005-022|Amaronis
005-022-646|005-022|Pirata Group
005-022-647|005-022|Zuma
005-022-648|005-022|Thai Orchids
005-022-649|005-022|大家樂集團‎
005-022-650|005-022|敍福樓
005-022-651|005-022|麥當勞
005-022-652|005-022|稻香集團
005-022-653|005-022|Outback
005-022-654|005-022|豚王
005-022-655|005-022|1957 & Co.
005-022-656|005-022|Black Sheep Restaurants
005-022-657|005-022|佳民集團 (都爹利會館)
005-022-658|005-022|Aqua Restaurant Group
005-022-659|005-022|喫麵 / 劉一手重慶火鍋 / 王家沙花樣年華
005-022-660|005-022|Subway
005-022-661|005-022|大喜屋
005-022-662|005-022|大快活
005-022-663|005-022|太興集團
005-022-664|005-022|富臨集團
005-022-665|005-022|肯德基
005-022-666|005-022|必勝客
005-022-667|005-022|Italian Tomato
005-022-668|005-022|美心集團
005-022-669|005-022|翠華餐廳集團
005-022-670|005-022|譚仔 / 譚仔三哥
005-023-671|005-023|Addidas
005-023-672|005-023|BigPack
005-023-673|005-023|Catalog
005-023-674|005-023|Champion
005-023-675|005-023|Columbia
005-023-676|005-023|迪卡儂
005-023-677|005-023|Fila
005-023-678|005-023|Foot Locker
005-023-679|005-023|K Swiss
005-023-680|005-023|LuluLemon
005-023-681|005-023|馬拉松
005-023-682|005-023|New Balance
005-023-683|005-023|Nike
005-023-684|005-023|Onitsuka Tiger
005-023-685|005-023|Patagonia
005-023-686|005-023|保捷行
005-023-687|005-023|Puma
005-023-688|005-023|Skechers
005-023-689|005-023|運動家
005-023-690|005-023|Sweaty Betty
005-023-691|005-023|The North Face
005-023-692|005-023|The Overlander
005-023-693|005-023|Timberland
005-023-694|005-023|Vans
005-023-695|005-023|允記
005-024-696|005-024|% Arabica
005-024-697|005-024|十八克精品咖啡
005-024-698|005-024|Blue Bottle
005-024-699|005-024|Flash Coffee
005-024-700|005-024|Fuel Espresso
005-024-701|005-024|NOC Coffee Co.
005-024-702|005-024|太平洋咖啡
005-024-703|005-024|星巴克
005-024-704|005-024|The Coffee Academics
005-025-705|005-025|戶戶送
005-025-706|005-025|Food Panda
006-026-707|006-026|四洲集團‎
006-026-708|006-026|九龍醬園
006-026-709|006-026|優之良品
006-026-710|006-026|同珍醬油
006-026-711|006-026|嘉頓
006-026-712|006-026|壽桃牌
006-026-713|006-026|大成糖業
006-026-714|006-026|永南食品 （公仔麵、公仔點心）
006-026-715|006-026|榮華
006-026-716|006-026|波仔
006-026-717|006-026|淘大食品
006-026-718|006-026|華園食品
006-026-719|006-026|超力
006-026-720|006-026|金源米業
006-026-721|006-026|雀巢牛奶公司
006-026-722|006-026|美心食品‎
006-026-723|006-026|日清
006-026-724|006-026|灣仔碼頭
006-026-725|006-026|獅球嘜
006-026-726|006-026|美味棧
006-026-727|006-026|李錦記
006-026-728|006-026|奇華
006-026-729|006-026|Agnès b DÉLICES Hong Kong Ltd.
006-026-730|006-026|優之良品有限公司
006-026-731|006-026|慎昌有限公司
006-026-732|006-026|吉百利四洲有限公司
006-026-733|006-026|COVA Hong Kong
006-026-734|006-026|瑪氏
006-026-735|006-026|費列羅亞洲有限公司
006-026-736|006-026|福基國際工業股份有限公司
006-026-737|006-026|Godiva Chocolatier (Asia) Ltd.
006-026-738|006-026|Hershey's 好時
006-026-739|006-026|Leonidas
006-026-740|006-026|龍島食品有限公司
006-026-741|006-026|LF Asia (Hong Kong) Limited (Merci)
006-026-742|006-026|無印良品（香港）有限公司
006-026-743|006-026|價真棧有限公司
006-026-744|006-026|卡夫食品有限公司(香港)
006-026-745|006-026|四海環球食品
006-027-746|006-027|illy
006-027-747|006-027|屈臣氏蒸餾水
006-027-748|006-027|太古可口可樂
006-027-749|006-027|三得利食品飲料香港有限公司
006-027-750|006-027|維他 / 維他奶
006-027-751|006-027|益力多
006-027-752|006-027|鴻福堂
006-027-753|006-027|捷榮
006-027-754|006-027|匯泉國際
006-027-755|006-027|寶礦力
006-027-756|006-027|立頓
006-028-757|006-028|利潔時
006-028-758|006-028|威露士
006-028-759|006-028|藍威寶
006-028-760|006-028|獅王
006-028-761|006-028|微力達
006-028-762|006-028|3M
006-028-763|006-028|美國莊臣
006-028-764|006-028|貝克曼博士
006-028-765|006-028|寶潔
006-028-766|006-028|威威
006-028-767|006-028|花王香港
006-028-768|006-028|白元
006-028-769|006-028|詩樂氏
006-029-770|006-029|雪花
006-029-771|006-029|嘉士伯
006-029-772|006-029|生力啤酒廠
006-029-773|006-029|保樂力加
006-029-774|006-029|安昇國際
006-029-775|006-029|愛丁頓
006-029-776|006-029|捷成
006-029-777|006-029|兩益
006-029-778|006-029|酩悅軒尼詩
006-029-779|006-029|人頭馬君度
006-029-780|006-029|匯泉國際
006-030-781|006-030|美素佳兒
006-030-782|006-030|雀巢能恩
006-030-783|006-030|雅培
006-030-784|006-030|惠氏
006-030-785|006-030|愛他美
006-030-786|006-030|明治
006-030-787|006-030|康多蜜兒
006-030-788|006-030|牛欄牌
006-030-789|006-030|喜寶
006-030-790|006-030|美贊臣
006-031-791|006-031|全球藥業有限公司
006-031-792|006-031|葛蘭素史克有限公司
006-031-793|006-031|位元堂藥業控股有限公司
006-031-794|006-031|衍生集團(國際)控股有限公司
006-031-795|006-031|TCM Healthcare (London) Ltd.
006-031-796|006-031|環球製藥有限公司
006-031-797|006-031|偉民製藥廠有限公司
006-031-798|006-031|健臨藥業有限公司
006-031-799|006-031|美儉有限公司
006-031-800|006-031|DCH Auriga (Hong Kong) Ltd.
006-031-801|006-031|康源葯業有限公司
006-031-802|006-031|菲仕蘭(香港)有限公司
006-031-803|006-031|柏奧國際有限公司
006-031-804|006-031|林淦生醫藥研究院有限公司
006-031-805|006-031|美納里尼香港有限公司
006-031-806|006-031|美豐化粧品有限公司
006-031-807|006-031|香港靈鋒廣告有限公司
006-031-808|006-031|雙霖有限公司
006-031-809|006-031|泓匯拓展有限公司
006-031-810|006-031|萬通藥業有限公司
006-031-811|006-031|Teva Pharmaceutical Hong Kong Ltd
006-031-812|006-031|久光製藥(香港)有限公司
006-031-813|006-031|合群保健有限公司
006-031-814|006-031|金億健康產品有限公司
006-031-815|006-031|嶺峰貿易有限公司
006-031-816|006-031|民陞晨人力資源顧問有限公司
006-031-817|006-031|裕利醫藥有限公司
006-031-818|006-031|大昌華嘉香港有限公司
006-031-819|006-031|美國輝瑞科研製藥有限公司
006-031-820|006-031|美國默沙東藥廠有限公司
006-031-821|006-031|永義(香港)有限公司
006-031-822|006-031|惠氏(香港)控股有限公司
006-031-823|006-031|潮發貿易公司
006-031-824|006-031|美贊臣營養品(香港)有限公司
006-031-825|006-031|美國禮來亞洲公司
006-031-826|006-031|有利西藥有限公司
006-031-827|006-031|DCH Auriga (Hong Kong) Limited
006-031-828|006-031|賽諾菲香港有限公司
006-031-829|006-031|卡士蘭有限公司
006-031-830|006-031|達能紐迪希亞生命早期營養品(香港)有限公司
006-031-831|006-031|武田藥品(香港)有限公司
006-031-832|006-031|冠邦國際有限公司
006-031-833|006-031|幸福醫藥有限公司
006-031-834|006-031|美國雅培製藥有限公司
006-031-835|006-031|香港陳李濟藥廠有限公司
006-031-836|006-031|和興白花油藥廠有限公司
006-031-837|006-031|富利衛美有限公司
006-031-838|006-031|正大藥行有限公司
006-031-839|006-031|暉致醫療管理有限公司
006-031-840|006-031|何人可有限公司
006-031-841|006-031|毅生行
006-031-842|006-031|恆安(威信)藥業有限公司
006-031-843|006-031|香港信生有限公司
006-031-844|006-031|福揚行(香港)有限公司
006-031-845|006-031|歐化藥業有限公司
006-031-846|006-031|黎氏藥業有限公司
006-031-847|006-031|恆隆貿易(香港)公司
006-031-848|006-031|潘氏(美國)藥業有限公司
006-031-849|006-031|智健醫藥有限公司
006-031-850|006-031|景豐香港貿易有限公司
006-031-851|006-031|華達藥業有限公司
006-031-852|006-031|卡路士環球有限公司
006-031-853|006-031|美利加藥廠有限公司
006-031-854|006-031|星洲藥業
006-031-855|006-031|雀巢香港有限公司
006-031-856|006-031|美亞環球藥業有限公司
006-031-857|006-031|啟崇有限公司
006-031-858|006-031|滿貫(亞太)集團有限公司
006-031-859|006-031|李眾勝堂(集團)有限公司
006-031-860|006-031|美高行
006-031-861|006-031|京都念慈菴總廠有限公司
006-031-862|006-031|億豐行化粧洗劑有限公司
006-031-863|006-031|廸信國際貿易公司
006-031-864|006-031|均凱有限公司
006-031-865|006-031|濟生堂製藥廠有限公司
006-031-866|006-031|嘉里醫藥(香港)有限公司
006-031-867|006-031|綜合國際有限公司
006-031-868|006-031|永明公司
006-031-869|006-031|舊街場白咖啡有限公司
006-031-870|006-031|暉煌藥房供應鏈有限公司
006-031-871|006-031|尚瓏集團控股有限公司
006-031-872|006-031|展圖生物科技有限公司
006-031-873|006-031|華益潤生(香港)貿易有限公司
007-032-1000|007-032|MAX&Co.
007-032-1001|007-032|MEDECINE DOUCE
007-032-1002|007-032|MES DEMOISELLES
007-032-1003|007-032|Microwave
007-032-1004|007-032|MINI CREAM
007-032-1005|007-032|Miu Miu
007-032-1006|007-032|Moiselle
007-032-1007|007-032|MUSIUM DIV.
007-032-1008|007-032|MYA BAY
007-032-1009|007-032|OAKWOOD
007-032-1010|007-032|ONE PEACE REVELATION
007-032-1011|007-032|Ozzie Cozzie Co
007-032-1012|007-032|Paul Smith
007-032-1013|007-032|Pennyblack
007-032-1014|007-032|PETITE MENDIGOTE
007-032-1015|007-032|Phillip Lim
007-032-1016|007-032|PLAYFUL SOCKS
007-032-1017|007-032|Playlord
007-032-1018|007-032|Polo Ralph Lauren
007-032-1019|007-032|PORTSPURE
007-032-1020|007-032|Prada
007-032-1021|007-032|Raven and Rose
007-032-1022|007-032|REIKO
007-032-1023|007-032|Roberto Botticelli
007-032-1024|007-032|Rosarini
007-032-1025|007-032|RUE MADAME
007-032-1026|007-032|Rue Madame Limited
007-032-1027|007-032|Sacai
007-032-1028|007-032|SACRECOEUR
007-032-1029|007-032|Salvatore Ferragamo
007-032-1030|007-032|SAMSOE SAMSOE
007-032-1031|007-032|Sandro
007-032-1032|007-032|SCARLETTE ATELIERS
007-032-1033|007-032|SEA NEW YORK
007-032-1034|007-032|Secretive
007-032-1035|007-032|SEE BY CHLOÉ
007-032-1036|007-032|SESSÙN
007-032-1037|007-032|Seventy Eight Percent
007-032-1038|007-032|上海灘
007-032-1039|007-032|Sheer
007-032-1040|007-032|SOEUR
007-032-1041|007-032|Staedtler
007-032-1042|007-032|SWEATY BETTY
007-032-1043|007-032|SWEET PANTS
007-032-1044|007-032|TEVA
007-032-1045|007-032|The Dapper Men
007-032-1046|007-032|THE GREAT
007-032-1047|007-032|THE JACKSONS
007-032-1048|007-032|Theory
007-032-1049|007-032|THINKING MU
007-032-1050|007-032|Tommy Hilfiger
007-032-1051|007-032|Tory Burch
007-032-1052|007-032|TOUPY
007-032-1053|007-032|tout à coup
007-032-1054|007-032|ULTRA TEE
007-032-1055|007-032|Undefeated
007-032-1056|007-032|UNE A UNE
007-032-1057|007-032|VANESSA BRUNO
007-032-1058|007-032|VEJA
007-032-1059|007-032|Venilla suite
007-032-1060|007-032|Vivienne Westwood
007-032-1061|007-032|WHISTLES
007-032-1062|007-032|WTAPS®
007-032-1063|007-032|XIRENA
007-032-1064|007-032|YATAY
007-032-1065|007-032|Zara
007-032-1066|007-032|ZERO YET 100
007-032-1067|007-032|Zara
007-032-1068|007-032|ZERO YET 100
007-032-874|007-032|:CHOCOOLATE
007-032-875|007-032|45R
007-032-876|007-032|7 For All Mankind
007-032-877|007-032|A BATHING APE®
007-032-878|007-032|AApe by Bathing Ape
007-032-879|007-032|ACQUAVERDE
007-032-880|007-032|ad-lib
007-032-881|007-032|agnes b
007-032-882|007-032|Aigle
007-032-883|007-032|ALIX D REYNIS
007-032-884|007-032|ALOHAS
007-032-885|007-032|Amercian Eagle
007-032-886|007-032|American Vintage
007-032-887|007-032|AMERICAN VINTAGE
007-032-888|007-032|Anteprima
007-032-889|007-032|ARIZONA LOVE
007-032-890|007-032|Ashworth
007-032-891|007-032|AVIATOR NATION
007-032-892|007-032|b+ab
007-032-893|007-032|ba&sh
007-032-894|007-032|BA&SH
007-032-895|007-032|Balenciaga
007-032-896|007-032|Balmain
007-032-897|007-032|BENASSIE
007-032-898|007-032|BENSIMON
007-032-899|007-032|BERENICE
007-032-900|007-032|BIKIND
007-032-901|007-032|BIRKENSTOCK
007-032-902|007-032|BOHEMIAN RHAPSODIE
007-032-903|007-032|BON PARFUMEUR
007-032-904|007-032|Bottega Veneta
007-032-905|007-032|BRAVA FABRICS
007-032-906|007-032|bread n butter
007-032-907|007-032|Brooks Brothers
007-032-908|007-032|Burberry
007-032-909|007-032|Calvin Klein
007-032-910|007-032|CAMPER
007-032-911|007-032|Céline
007-032-912|007-032|Chanel
007-032-913|007-032|Chevigon
007-032-914|007-032|Chloé
007-032-915|007-032|CLEMENCE BY RUE MADAME
007-032-916|007-032|Club Monaco
007-032-917|007-032|COCKTAIL
007-032-918|007-032|Comme des Garçons
007-032-919|007-032|COS
007-032-920|007-032|Cotton On
007-032-921|007-032|DES PETITS HAUTS
007-032-922|007-032|DIEGA
007-032-923|007-032|Diesel
007-032-924|007-032|DIOR
007-032-925|007-032|DORÉ DORÉ
007-032-926|007-032|Double Step
007-032-927|007-032|double-park
007-032-928|007-032|DSQUARED2
007-032-929|007-032|Ecco
007-032-930|007-032|Episode
007-032-931|007-032|ESSENTIEL ANTWERP
007-032-932|007-032|ete!
007-032-933|007-032|Ethos
007-032-934|007-032|EVERYDAY HUMANS
007-032-935|007-032|EXI.T
007-032-936|007-032|FENDI
007-032-937|007-032|FGXX
007-032-938|007-032|fingercroxx
007-032-939|007-032|FIVE CM
007-032-940|007-032|FORTE FORTE
007-032-941|007-032|FRAGONARD
007-032-942|007-032|Fred Perry
007-032-943|007-032|FRENCH CONNECTION
007-032-944|007-032|Furla
007-032-945|007-032|GAS BIJOUX
007-032-946|007-032|GERARD DAREL
007-032-947|007-032|佐丹奴
007-032-948|007-032|GIRL DANGEROUS
007-032-949|007-032|Grana
007-032-950|007-032|古馳
007-032-951|007-032|H&M
007-032-952|007-032|HAPPY NES
007-032-953|007-032|HARTFORD
007-032-954|007-032|Harvey Nichols
007-032-955|007-032|HERBERT FRÈRE SOEUR
007-032-956|007-032|愛馬仕
007-032-957|007-032|HERMINA ATHENS
007-032-958|007-032|Hobbs
007-032-959|007-032|HOM
007-032-960|007-032|HOODS
007-032-961|007-032|House of Siren
007-032-962|007-032|Hugo Boss
007-032-963|007-032|I.T
007-032-964|007-032|i.t
007-032-965|007-032|iBLUES
007-032-966|007-032|Inital
007-032-967|007-032|INOUI
007-032-968|007-032|Intique
007-032-969|007-032|IRO
007-032-970|007-032|Isabel Marant
007-032-971|007-032|izzue
007-032-972|007-032|JAMINI
007-032-973|007-032|Jan Logan
007-032-974|007-032|JOLIE JOLIE
007-032-975|007-032|JOYCE
007-032-976|007-032|KASSIOPEA
007-032-977|007-032|kate spade
007-032-978|007-032|KOOKAI
007-032-979|007-032|KURT GEIGER
007-032-980|007-032|LAB DIP
007-032-981|007-032|LAURENCE BRAS
007-032-982|007-032|LELE SADOUGHI
007-032-983|007-032|LEON & HARPER
007-032-984|007-032|LES CLEIAS
007-032-985|007-032|LOEWE
007-032-986|007-032|LORDE JEWLERY
007-032-987|007-032|Louis Vuitton
007-032-988|007-032|Macella
007-032-989|007-032|MAISON NH PARIS
007-032-990|007-032|Maje
007-032-991|007-032|MAJESTIC
007-032-992|007-032|MANOUSH
007-032-993|007-032|Marc Jacobs
007-032-994|007-032|Marimekko
007-032-995|007-032|Marleen Molenaar Sleepwear
007-032-996|007-032|MARELLA
007-032-997|007-032|MARINA RINLADI
007-032-998|007-032|mastermind A BATHING APE®
007-032-999|007-032|Matteo Party
007-033-1067|007-033|Amorepacific
007-033-1068|007-033|Anna Sui
007-033-1069|007-033|Aseop
007-033-1070|007-033|Atelier Cologne
007-033-1071|007-033|Benefits
007-033-1072|007-033|BEYORG Beauty
007-033-1073|007-033|BOBBI BROWN
007-033-1074|007-033|Bonjour Cosmetic Wholesale Center
007-033-1075|007-033|貝佳斯
007-033-1076|007-033|Chanel
007-033-1077|007-033|Chloé
007-033-1078|007-033|Clarins
007-033-1079|007-033|Cle de Peau
007-033-1080|007-033|CLINQUE
007-033-1081|007-033|Darphin
007-033-1082|007-033|Dead Sea Premier Cosmetics
007-033-1083|007-033|Dior Beauty
007-033-1084|007-033|Diptyque
007-033-1085|007-033|First Aid Beauty
007-033-1086|007-033|Fresh
007-033-1087|007-033|Giorgio Armani Cosmetics
007-033-1088|007-033|Givenchy
007-033-1089|007-033|Guerlain
007-033-1090|007-033|Helena Rubinstein
007-033-1091|007-033|Innisfree
007-033-1092|007-033|IPSA
007-033-1093|007-033|Jill Stuart Beauty
007-033-1094|007-033|JoMalone
007-033-1095|007-033|Joyce
007-033-1096|007-033|Just Green
007-033-1097|007-033|Kalamakeup Agency
007-033-1098|007-033|Kielhs
007-033-1099|007-033|L'OCCITANE
007-033-1100|007-033|LA MER
007-033-1101|007-033|LA PRAIRIE
007-033-1102|007-033|Lancome
007-033-1103|007-033|Laneige
007-033-1104|007-033|LUSH
007-033-1105|007-033|Luxasia
007-033-1106|007-033|Mac Cosmetics Hong Kong
007-033-1107|007-033|Make Up For Ever
007-033-1108|007-033|Makeup Secret
007-033-1109|007-033|Marc Jacobs
007-033-1110|007-033|Missha
007-033-1111|007-033|NARS
007-033-1112|007-033|Nest Beauty
007-033-1113|007-033|Olay
007-033-1114|007-033|Origins
007-033-1115|007-033|POLA
007-033-1116|007-033|莎莎
007-033-1117|007-033|Sabon
007-033-1118|007-033|Savvy Style
007-033-1119|007-033|資生堂
007-033-1120|007-033|植川秀
007-033-1121|007-033|SKII
007-033-1122|007-033|雪花秀
007-033-1123|007-033|Tattoo Temple
007-033-1124|007-033|The Body Shop
007-033-1125|007-033|廣生堂
007-033-1126|007-033|Tomford Beauty
007-033-1127|007-033|Valentino
007-033-1128|007-033|VALMONT
007-033-1129|007-033|Vivienne Westwood
007-033-1130|007-033|World Herbalz
007-033-1131|007-033|YSL Beaute
007-033-1132|007-033|World Herbalz
007-033-1133|007-033|YSL Beaute
007-034-1132|007-034|10/10 Space
007-034-1133|007-034|airplay blow dry bar
007-034-1134|007-034|Amour Hair Spa & Salon
007-034-1135|007-034|AsterSpring
007-034-1136|007-034|BodyWize
007-034-1137|007-034|BRUNEBLONDE
007-034-1138|007-034|California Beach Club
007-034-1139|007-034|川水療中心
007-034-1140|007-034|Clinicz
007-034-1141|007-034|Colour Bar Hong kong
007-034-1142|007-034|DAZ
007-034-1143|007-034|Dermes
007-034-1144|007-034|Dolma Waxing Boutique
007-034-1145|007-034|Dr Reborn
007-034-1146|007-034|Elyse
007-034-1147|007-034|Emmanuel F
007-034-1148|007-034|Era Barbers
007-034-1149|007-034|Foam Hair
007-034-1150|007-034|Fox & The Barber
007-034-1151|007-034|Freedas Limited
007-034-1152|007-034|Gentlemens Tonic
007-034-1153|007-034|GK Touch Salon
007-034-1154|007-034|Glow Spa & Hollywood Hair
007-034-1155|007-034|HAIR CORNER
007-034-1156|007-034|Hair Craft
007-034-1157|007-034|Hair Craft - Salon Hairdresser
007-034-1158|007-034|Handsome Factory
007-034-1159|007-034|Hollywood Hair 2
007-034-1160|007-034|ii Alchemy
007-034-1161|007-034|ii Hair & Nail
007-034-1162|007-034|IL Colpo Pacific Place
007-034-1163|007-034|IL Colpo Platinum
007-034-1164|007-034|INDULGENCE
007-034-1165|007-034|Inspire for Men
007-034-1166|007-034|Iyara Day Spas
007-034-1167|007-034|Jean Louis David
007-034-1168|007-034|Kegral
007-034-1169|007-034|Kim Robinson
007-034-1170|007-034|L'Attitude Hair
007-034-1171|007-034|La Chioma
007-034-1172|007-034|Lavar Hair Removal
007-034-1173|007-034|Leighton Aveda
007-034-1174|007-034|Love Hair HK
007-034-1175|007-034|M.i Salon
007-034-1176|007-034|Magic Mirror
007-034-1177|007-034|Medilase
007-034-1178|007-034|Mence
007-034-1179|007-034|MiraSpa
007-034-1180|007-034|Musee
007-034-1181|007-034|Nude - M88 Beautique
007-034-1182|007-034|Nude - V Plus Beautique
007-034-1183|007-034|O2
007-034-1184|007-034|Oasis
007-034-1185|007-034|Om Spa
007-034-1186|007-034|Paul Gerrard Hair and Beauty
007-034-1187|007-034|Perfect Face
007-034-1188|007-034|菲力偉
007-034-1189|007-034|Private i
007-034-1190|007-034|Private i Garden
007-034-1191|007-034|Pulse Aveda
007-034-1192|007-034|Rainbow Nails
007-034-1193|007-034|Raw Hair Salon
007-034-1194|007-034|Reenex
007-034-1195|007-034|Rin Aesthetics Clinic
007-034-1196|007-034|Salon Anca
007-034-1197|007-034|Salon Chandler
007-034-1198|007-034|Salon Icon
007-034-1199|007-034|Salon Mifa
007-034-1200|007-034|Sense of Touch - Central
007-034-1201|007-034|Sense of Touch Repulse Bay
007-034-1202|007-034|Sozo Hair Design
007-034-1203|007-034|Spa L'OCCITANE
007-034-1204|007-034|Sparadise
007-034-1205|007-034|The Barber Shop
007-034-1206|007-034|The Firm Hong Kong
007-034-1207|007-034|The Hairdressers
007-034-1208|007-034|The Mandarin Barber
007-034-1209|007-034|The Mandarin Salon
007-034-1210|007-034|The Oriental Spa
007-034-1211|007-034|The Peninsula Spa by ESPA
007-034-1212|007-034|The Ritz-Carlton Spa
007-034-1213|007-034|The Strand
007-034-1214|007-034|The Upper Room
007-034-1215|007-034|Toni & Guy Hairdressing Academy Salon
007-034-1216|007-034|Toni & Guy Hairdressing Central Salon
007-034-1217|007-034|Vegas Aso Spa
007-034-1218|007-034|Via IL Colpo
007-034-1219|007-034|Vegas Aso Spa
007-034-1220|007-034|Via IL Colpo
007-035-1219|007-035|Anahata Yoga
007-035-1220|007-035|ApeFit
007-035-1221|007-035|B.E.T. Pilates Centre
007-035-1222|007-035|Bikini Fit
007-035-1223|007-035|Bodywize Yoga
007-035-1224|007-035|Brahma Kumaris Raja Yoga Centre
007-035-1225|007-035|Carol Bateman School of Dancing
007-035-1226|007-035|Central Dance Studios
007-035-1227|007-035|CrossFit Typhoon
007-035-1228|007-035|Curves
007-035-1229|007-035|Elevate
007-035-1230|007-035|Elite PT Studio
007-035-1231|007-035|Embody
007-035-1232|007-035|Fit-Max
007-035-1233|007-035|Fitness First
007-035-1234|007-035|FitnessU
007-035-1235|007-035|Flex Pilates & Yoga
007-035-1236|007-035|Gecko Yoga
007-035-1237|007-035|H-Kore
007-035-1238|007-035|Hong Kong Yoga Studio
007-035-1239|007-035|Iso Fit
007-035-1240|007-035|Iyengar Yoga Centre of Hong Kong
007-035-1241|007-035|LifeYoga
007-035-1242|007-035|Mindful Pilates
007-035-1243|007-035|Mindful Wing Chun
007-035-1244|007-035|mYoga
007-035-1245|007-035|Oasis Dance Centre
007-035-1246|007-035|Options Studio
007-035-1247|007-035|Pherform
007-035-1248|007-035|菲力偉
007-035-1249|007-035|Prajna Yoga
007-035-1250|007-035|Pure Fitness
007-035-1251|007-035|Pure Yoga
007-035-1252|007-035|Red Doors Studio
007-035-1253|007-035|Shanaz Dance School
007-035-1254|007-035|The Little Gym
007-035-1255|007-035|The Yoga Room
007-035-1256|007-035|Top Fit
007-035-1257|007-035|Torq Cycle
007-035-1258|007-035|Twinkle Dance Company
007-035-1259|007-035|Utimate Performance Fitness HK
007-035-1260|007-035|Verm City
007-035-1261|007-035|Yoga Bam Bam
007-035-1262|007-035|Yoga Central
007-035-1263|007-035|Yoga Place
007-035-1264|007-035|Yoga Central
007-035-1265|007-035|Yoga Place
007-036-1264|007-036|雅麗氏何妙齡那打素醫院
007-036-1265|007-036|白普理寧養中心
007-036-1266|007-036|劍橋聯合醫務中心
007-036-1267|007-036|嘉諾撒醫院
007-036-1268|007-036|明愛醫院
007-036-1269|007-036|青山醫院
007-036-1270|007-036|舂磡角慈氏護養院
007-036-1271|007-036|沙田慈氏護養院
007-036-1272|007-036|香港中文大學醫院
007-036-1273|007-036|寧思中心
007-036-1274|007-036|大口環根德公爵夫人兒童醫院
007-036-1275|007-036|播道醫院
007-036-1276|007-036|港怡醫院
007-036-1277|007-036|葛量洪醫院
007-036-1278|007-036|加和專科中心
007-036-1279|007-036|靈實醫院
007-036-1280|007-036|生寶臍帶血庫
007-036-1281|007-036|香港港安醫院–司徒拔道
007-036-1282|007-036|香港港安醫院 – 荃灣
007-036-1283|007-036|香港浸信會醫院 （浸會）
007-036-1284|007-036|香港佛教醫院
007-036-1285|007-036|香港兒童醫院
007-036-1286|007-036|香港眼科醫院
007-036-1287|007-036|香港紅十字會輸血服務中心
007-036-1288|007-036|香港養和醫院
007-036-1289|007-036|香港脊骨及痛症中心
007-036-1290|007-036|九龍醫院
007-036-1291|007-036|葵涌醫院
007-036-1292|007-036|廣華醫院
007-036-1293|007-036|麥理浩復康院
007-036-1294|007-036|海灣醫療
007-036-1295|007-036|明德國際醫院
007-036-1296|007-036|北區醫院
007-036-1297|007-036|北大嶼山醫院
007-036-1298|007-036|領康醫療
007-036-1299|007-036|聖母醫院
007-036-1300|007-036|東區尤德夫人那打素醫院
007-036-1301|007-036|博愛醫院
007-036-1302|007-036|寶血醫院（明愛）
007-036-1303|007-036|威爾斯親王醫院
007-036-1304|007-036|瑪嘉烈醫院
007-036-1305|007-036|卓健醫療
007-036-1306|007-036|伊利沙伯醫院
007-036-1307|007-036|瑪麗醫院
007-036-1308|007-036|律敦治醫院
007-036-1309|007-036|沙田醫院
007-036-1310|007-036|小欖醫院
007-036-1311|007-036|聖保祿醫院
007-036-1312|007-036|長洲醫院
007-036-1313|007-036|聖德勒撒醫院（法國醫院）
007-036-1314|007-036|大埔醫院
007-036-1315|007-036|鄧肇堅醫院
007-036-1316|007-036|大口環根德公爵夫人兒童醫院
007-036-1317|007-036|香港微創腦及脊椎神經外科手術中心
007-036-1318|007-036|寶德醫務
007-036-1319|007-036|天水圍醫院
007-036-1320|007-036|贊育醫院
007-036-1321|007-036|將軍澳醫院
007-036-1322|007-036|屯門醫院
007-036-1323|007-036|東華東院
007-036-1324|007-036|東華三院馮堯敬醫院
007-036-1325|007-036|東華醫院
007-036-1326|007-036|東華三院黃大仙醫院
007-036-1327|007-036|聯合醫務
007-036-1328|007-036|仁安醫院
007-036-1329|007-036|基督教聯合醫院
007-036-1330|007-036|黃竹坑醫院
007-036-1331|007-036|仁濟醫院
007-036-1332|007-036|黃竹坑醫院
007-036-1333|007-036|仁濟醫院
008-037-1332|008-037|A. Lange & Söhne
008-037-1333|008-037|Alpina
008-037-1334|008-037|愛彼
008-037-1335|008-037|Ball
008-037-1336|008-037|Bell & Ross
008-037-1337|008-037|寶珀
008-037-1338|008-037|寶璣
008-037-1339|008-037|Breitling
008-037-1340|008-037|Carven
008-037-1341|008-037|CERRUTI 1881
008-037-1342|008-037|Casio
008-037-1343|008-037|蕭邦
008-037-1344|008-037|CHRONOSWISS
008-037-1345|008-037|CITIZEN
008-037-1346|008-037|CORUM
008-037-1347|008-037|CYMA
008-037-1348|008-037|Daniel Wellington
008-037-1349|008-037|FITBIT
008-037-1350|008-037|Fossil
008-037-1351|008-037|Franck Muller
008-037-1352|008-037|Frederique Constant
008-037-1353|008-037|Garmin
008-037-1354|008-037|G-Shock
008-037-1355|008-037|漢米爾頓
008-037-1356|008-037|Hublot
008-037-1357|008-037|沙夫豪森IWC萬國錶
008-037-1358|008-037|積家
008-037-1359|008-037|Jaquet Droz
008-037-1360|008-037|浪琴
008-037-1361|008-037|Louis Moinet
008-037-1362|008-037|萬寶龍
008-037-1363|008-037|MOVADO
008-037-1364|008-037|歐米茄
008-037-1365|008-037|Oris
008-037-1366|008-037|沛納海
008-037-1367|008-037|帕瑪強尼
008-037-1368|008-037|百達翡麗
008-037-1369|008-037|PEQUIGNET
008-037-1370|008-037|PERRELET
008-037-1371|008-037|伯爵
008-037-1372|008-037|PIERRE BALMAIN
008-037-1373|008-037|PIERRE CARDIN
008-037-1374|008-037|PORSCHE DESIGN
008-037-1375|008-037|雷達表
008-037-1376|008-037|Richard Mille
008-037-1377|008-037|勞力士
008-037-1378|008-037|精工表
008-037-1379|008-037|Skagen
008-037-1380|008-037|鐵達時
008-037-1381|008-037|Suunto
008-037-1382|008-037|Swatch
008-037-1383|008-037|泰格豪雅
008-037-1384|008-037|天梭表
008-037-1385|008-037|帝舵
008-037-1386|008-037|Ulysse Nardin
008-037-1387|008-037|江詩丹頓
008-037-1388|008-037|Zenith
008-037-1389|008-037|江詩丹頓
008-037-1390|008-037|Zenith
008-038-1389|008-038|Boucheron
008-038-1390|008-038|寶格麗
008-038-1391|008-038|Carat London
008-038-1392|008-038|卡地亞
008-038-1393|008-038|Chaumet
008-038-1394|008-038|蕭邦 (珠寶）
008-038-1395|008-038|De Beers
008-038-1396|008-038|Emphasis
008-038-1397|008-038|Mikimoto
008-038-1398|008-038|Monica Vinader
008-038-1399|008-038|伯爵
008-038-1400|008-038|PN Diamond
008-038-1401|008-038|Tiffany & Co
008-038-1402|008-038|Tses Collection
008-038-1403|008-038|梵克雅寶
008-038-1404|008-038|Harry Winston
008-038-1405|008-038|施華洛世奇
008-038-1406|008-038|apm monaco
008-038-1407|008-038|pandora
008-038-1408|008-038|周生生
008-038-1409|008-038|周大福
008-038-1410|008-038|六福
008-038-1411|008-038|俊文珠寶
008-038-1412|008-038|謝瑞麟
008-038-1413|008-038|俊文珠寶
008-038-1414|008-038|謝瑞麟
009-039-1413|009-039|99 Bonham
009-039-1414|009-039|歷山酒店
009-039-1415|009-039|帝逸酒店
009-039-1416|009-039|香港愉景灣酒店
009-039-1417|009-039|華麗銅鑼灣酒店
009-039-1418|009-039|華大盛品酒店
009-039-1419|009-039|最佳盛品酒店尖沙咀
009-039-1420|009-039|宏基國際賓館
009-039-1421|009-039|Butterfly on Prat
009-039-1422|009-039|銅鑼灣利景酒店
009-039-1423|009-039|城市花園酒店
009-039-1424|009-039|城景國際
009-039-1425|009-039|港麗酒店
009-039-1426|009-039|香港康得思酒店
009-039-1427|009-039|香港麗悅酒店
009-039-1428|009-039|香港萬怡酒店
009-039-1429|009-039|香港沙田萬怡酒店
009-039-1430|009-039|香港九龍東皇冠假日酒店
009-039-1431|009-039|迪士尼探索家度假酒店
009-039-1432|009-039|香港迪士尼樂園酒店
009-039-1433|009-039|迪士尼好萊塢酒店
009-039-1434|009-039|香港觀塘帝盛酒店
009-039-1435|009-039|香港旺角帝盛酒店
009-039-1436|009-039|香港荃灣帝盛酒店
009-039-1437|009-039|香港灣仔帝盛酒店
009-039-1438|009-039|東隅
009-039-1439|009-039|香港逸東酒店
009-039-1440|009-039|銅鑼灣皇悅酒店
009-039-1441|009-039|灣仔皇悅酒店
009-039-1442|009-039|尖沙咀皇悅酒店
009-039-1443|009-039|香港東涌福朋喜來登酒店
009-039-1444|009-039|香港四季酒店
009-039-1445|009-039|香港富麗敦海洋公園酒店 (2022年開幕))
009-039-1446|009-039|港威酒店
009-039-1447|009-039|六國酒店
009-039-1448|009-039|香港黃金海岸酒店
009-039-1449|009-039|華麗都會酒店
009-039-1450|009-039|香港君悅酒店
009-039-1451|009-039|港島海逸君綽酒店
009-039-1452|009-039|九龍海逸君綽酒店
009-039-1453|009-039|8度海逸酒店
009-039-1454|009-039|都會海逸酒店
009-039-1455|009-039|北角海逸酒店
009-039-1456|009-039|嘉湖海逸酒店
009-039-1457|009-039|灣景國際
009-039-1458|009-039|The HarbourView Place
009-039-1459|009-039|香港銅鑼灣智選假日酒店
009-039-1460|009-039|香港九龍CBD2智選假日酒店
009-039-1461|009-039|香港九龍東智選假日酒店
009-039-1462|009-039|香港金域假日酒店
009-039-1463|009-039|香港維港凱悅尚萃酒店
009-039-1464|009-039|香港沙田凱悅酒店
009-039-1465|009-039|香港尖沙咀凱悅酒店
009-039-1466|009-039|宜必思香港中上環酒店
009-039-1467|009-039|唯港薈
009-039-1468|009-039|帝國酒店
009-039-1469|009-039|海景嘉福酒店
009-039-1470|009-039|港島太平洋酒店
009-039-1471|009-039|港島香格里拉大酒店
009-039-1472|009-039|香港今旅
009-039-1473|009-039|香港 JW萬豪酒店
009-039-1474|009-039|K11 ARTUS
009-039-1475|009-039|香港嘉里酒店
009-039-1476|009-039|香港灣仔睿景酒店
009-039-1477|009-039|君怡酒店
009-039-1478|009-039|九龍酒店
009-039-1479|009-039|九龍香格里拉大酒店
009-039-1480|009-039|蘭桂坊酒店
009-039-1481|009-039|香港朗廷酒店
009-039-1482|009-039|Lanson Place Hotel
009-039-1483|009-039|朗逸酒店
009-039-1484|009-039|數碼港艾美酒店
009-039-1485|009-039|旺角薈賢居
009-039-1486|009-039|帝樂文娜公館
009-039-1487|009-039|木的地酒店
009-039-1488|009-039|香港文華東方酒店
009-039-1489|009-039|馬哥字羅香港酒店
009-039-1490|009-039|香港銅鑼灣維景酒店
009-039-1491|009-039|九龍維景酒店
009-039-1492|009-039|旺角維景酒店
009-039-1493|009-039|The Mira Hong Kong
009-039-1494|009-039|Mira Moon
009-039-1495|009-039|The Murray, Hong Kong, a Niccolo Hotel
009-039-1496|009-039|彌敦酒店
009-039-1497|009-039|千禧新世界香港酒店
009-039-1498|009-039|銅鑼灣如心酒店
009-039-1499|009-039|南灣如心酒店
009-039-1500|009-039|九龍東如心酒店
009-039-1501|009-039|荃灣西如心酒店
009-039-1502|009-039|香港諾富特世紀酒店
009-039-1503|009-039|諾富特東薈城酒店
009-039-1504|009-039|香港粤海酒店
009-039-1505|009-039|香港海洋公園萬豪酒店
009-039-1506|009-039|邀凱酒店
009-039-1507|009-039|Page148
009-039-1508|009-039|悅來酒店
009-039-1509|009-039|百樂酒店
009-039-1510|009-039|柏寧酒店
009-039-1511|009-039|香港半島酒店
009-039-1512|009-039|香港九龍貝爾特酒店
009-039-1513|009-039|香港屯門貝爾特酒店
009-039-1514|009-039|石板街酒店
009-039-1515|009-039|寶御酒店
009-039-1516|009-039|太子酒店
009-039-1517|009-039|恆豐酒店
009-039-1518|009-039|華美達華麗酒店
009-039-1519|009-039|華美達海景酒店
009-039-1520|009-039|青逸酒店
009-039-1521|009-039|富豪機場酒店
009-039-1522|009-039|富豪香港酒店
009-039-1523|009-039|富豪九龍酒店
009-039-1524|009-039|富豪東方酒店
009-039-1525|009-039|麗豪酒店
009-039-1526|009-039|香港萬麗海景酒店
009-039-1527|009-039|香港麗思卡爾頓酒店
009-039-1528|009-039|香港珀麗酒店
009-039-1529|009-039|九龍珀麗酒店
009-039-1530|009-039|香港瑰麗酒店
009-039-1531|009-039|帝苑酒店
009-039-1532|009-039|皇家太平洋酒店
009-039-1533|009-039|帝都酒店
009-039-1534|009-039|帝京酒店
009-039-1535|009-039|帝景酒店
009-039-1536|009-039|逸,酒店
009-039-1537|009-039|香港喜來登酒店
009-039-1538|009-039|香港東涌世茂喜來登酒店
009-039-1539|009-039|香港遠東絲麗酒店
009-039-1540|009-039|香港海景絲麗酒店
009-039-1541|009-039|香港荃灣絲麗酒店
009-039-1542|009-039|香港銀樾美憬閣精選酒店 (2022 年初開幕)
009-039-1543|009-039|香港天際萬豪酒店
009-039-1544|009-039|尚豪酒店
009-039-1545|009-039|香港粤華酒店(現正進行裝修改造工程)
009-039-1546|009-039|南洋酒店
009-039-1547|009-039|香港瑞吉酒店
009-039-1548|009-039|仕德福酒店
009-039-1549|009-039|仕德福山景酒店
009-039-1550|009-039|奕居
009-039-1551|009-039|W Hong Kong
009-039-1552|009-039|長洲華威酒店
009-039-1553|009-039|粤海華美灣際酒店
009-039-1554|009-039|長洲華威酒店
009-039-1555|009-039|粤海華美灣際酒店
009-040-1554|009-040|香港旅遊發展局
009-040-1555|009-040|臺灣觀光協會香港辦事處
009-040-1556|009-040|臺北經濟文化辦事處(香港)
009-040-1557|009-040|澳門特別行政區旅遊局
009-040-1558|009-040|泰國政府旅遊局
009-040-1559|009-040|日本國家旅遊局 (JNTO) 香港辦事處
009-040-1560|009-040|韓國觀光公社
009-040-1561|009-040|新加坡旅遊局
009-040-1562|009-040|馬來西亞旅遊局
009-040-1563|009-040|菲律賓旅遊部
009-040-1564|009-040|汶萊領事館
009-040-1565|009-040|柬埔寨領事館
009-040-1566|009-040|印度領事館
009-040-1567|009-040|印尼領事館
009-040-1568|009-040|馬爾代夫領事館
009-040-1569|009-040|尼泊爾領事館
009-040-1570|009-040|斯里蘭卡領事館
009-040-1571|009-040|越南旅遊局
009-040-1572|009-040|澳洲總領事館
009-040-1573|009-040|新西蘭領事館
009-040-1574|009-040|斐濟領事館
009-040-1575|009-040|密克羅尼西亞領事館
009-040-1576|009-040|法國領事館
009-040-1577|009-040|德國領事館
009-040-1578|009-040|英國領事館
009-040-1579|009-040|芬蘭領事館
009-040-1580|009-040|瑞士領事館
009-040-1581|009-040|奧地利領事館
009-040-1582|009-040|比利時領事館
009-040-1583|009-040|克羅地亞領事館
009-040-1584|009-040|捷克領事館
009-040-1585|009-040|希臘領事館
009-040-1586|009-040|匈牙利旅遊局
009-040-1587|009-040|愛爾蘭旅遊局
009-040-1588|009-040|意大利領事館
009-040-1589|009-040|盧森堡領事館
009-040-1590|009-040|荷蘭領事館
009-040-1591|009-040|挪威領事館
009-040-1592|009-040|波蘭領事館
009-040-1593|009-040|葡萄牙領事館
009-040-1594|009-040|俄羅斯領事館
009-040-1595|009-040|西班牙領事館
009-040-1596|009-040|瑞典領事館
009-040-1597|009-040|阿拉伯聯合酋長國領事館
009-040-1598|009-040|沙特阿拉伯領事館
009-040-1599|009-040|卡塔爾領事館
009-040-1600|009-040|土耳其領事館
009-040-1601|009-040|巴林領事館
009-040-1602|009-040|加拿大領事館
009-040-1603|009-040|美國領事館
009-040-1604|009-040|墨西哥領事館
009-040-1605|009-040|巴西領事館
009-040-1606|009-040|智利領事館
009-040-1607|009-040|阿根廷領事館
009-040-1608|009-040|南非領事館
009-040-1609|009-040|埃及領事館
009-040-1610|009-040|南非領事館
009-040-1611|009-040|埃及領事館
009-041-1610|009-041|俄羅斯航空
009-041-1611|009-041|Air Astana
009-041-1612|009-041|釜山航空
009-041-1613|009-041|加拿大航空
009-041-1614|009-041|中國國際航空公司
009-041-1615|009-041|法國航空公司
009-041-1616|009-041|印度航空公司
009-041-1617|009-041|毛里裘斯航空
009-041-1618|009-041|新西蘭航空公司
009-041-1619|009-041|新畿內亞航空
009-041-1620|009-041|首爾航空
009-041-1621|009-041|亞洲航空
009-041-1622|009-041|全日空
009-041-1623|009-041|美國航空
009-041-1624|009-041|韓亞航空
009-041-1625|009-041|曼谷航空
009-041-1626|009-041|英國航空公司
009-041-1627|009-041|國泰航空公司
009-041-1628|009-041|宿霧太平洋航空
009-041-1629|009-041|中華航空
009-041-1630|009-041|中國東方航空
009-041-1631|009-041|中國南方航空
009-041-1632|009-041|易斯達航空
009-041-1633|009-041|埃及航空
009-041-1634|009-041|以色列航空公司
009-041-1635|009-041|阿聯酋航空公司
009-041-1636|009-041|埃塞俄比亞航空
009-041-1637|009-041|阿提哈德航空公司
009-041-1638|009-041|長榮航空
009-041-1639|009-041|伊斯尼斯航空
009-041-1640|009-041|斐濟航空
009-041-1641|009-041|芬蘭航空
009-041-1642|009-041|嘉魯達印尼航空
009-041-1643|009-041|香港快運航空
009-041-1644|009-041|香港航空
009-041-1645|009-041|IndiGo
009-041-1646|009-041|日本航空
009-041-1647|009-041|濟州航空
009-041-1648|009-041|捷星日本航空公司
009-041-1649|009-041|真航空
009-041-1650|009-041|吉祥航空
009-041-1651|009-041|荷蘭皇家航空公司
009-041-1652|009-041|大韓航空
009-041-1653|009-041|瀾湄航空
009-041-1654|009-041|德國漢莎航空公司
009-041-1655|009-041|馬來西亞航空
009-041-1656|009-041|馬印航空
009-041-1657|009-041|華信航空
009-041-1658|009-041|蒙古航空公司
009-041-1659|009-041|緬甸國家航空公司
009-041-1660|009-041|尼泊爾航空
009-041-1661|009-041|太平洋航空
009-041-1662|009-041|樂桃航空
009-041-1663|009-041|菲律賓航空公司
009-041-1664|009-041|菲律賓亞洲航空
009-041-1665|009-041|澳洲航空
009-041-1666|009-041|卡塔爾航空
009-041-1667|009-041|汶萊皇家航空
009-041-1668|009-041|皇家約旦航空
009-041-1669|009-041|S7航空
009-041-1670|009-041|酷航
009-041-1671|009-041|山東航空公司
009-041-1672|009-041|上海航空公司
009-041-1673|009-041|深圳航空公司
009-041-1674|009-041|四川航空
009-041-1675|009-041|新加坡航空公司
009-041-1676|009-041|SpiceJet
009-041-1677|009-041|春秋航空
009-041-1678|009-041|瑞士國際航空
009-041-1679|009-041|韓國德威航空公司
009-041-1680|009-041|泰國亞洲航空
009-041-1681|009-041|泰國國際航空
009-041-1682|009-041|泰國微笑航空
009-041-1683|009-041|土耳其航空
009-041-1684|009-041|美國聯合航空
009-041-1685|009-041|越捷航空
009-041-1686|009-041|越南航空公司
009-041-1687|009-041|維珍航空
009-041-1688|009-041|廈門航空公司
009-041-1689|009-041|維珍航空
009-041-1690|009-041|廈門航空公司
009-042-1689|009-042|永安旅遊
009-042-1690|009-042|東瀛遊
009-042-1691|009-042|美麗華旅運
009-042-1692|009-042|金怡假期
009-042-1693|009-042|康泰旅行社
009-042-1694|009-042|中旅社 (香港中國旅行社有限公司)
009-042-1695|009-042|捷旅假期
009-042-1696|009-042|新華旅遊
009-042-1697|009-042|翠明假期
009-042-1698|009-042|學聯旅遊
009-042-1699|009-042|縱橫遊
009-042-1700|009-042|學聯旅遊
009-042-1701|009-042|縱橫遊
009-043-1700|009-043|CheapTickets.hk
009-043-1701|009-043|hutchgo.com
009-043-1702|009-043|愛旅人
009-043-1703|009-043|Expedia
009-043-1704|009-043|GotoGate
009-043-1705|009-043|Mytrip
009-043-1706|009-043|Trip.com
009-043-1707|009-043|Tripair
009-043-1708|009-043|via.com
009-043-1709|009-043|KLook
009-043-1710|009-043|KKday
009-043-1711|009-043|Agoda
009-043-1712|009-043|KKday
009-043-1713|009-043|Agoda
010-044-1712|010-044|香港潮商學校
010-044-1713|010-044|英皇書院同學會小學第二校
010-044-1714|010-044|英皇書院同學會小學
010-044-1715|010-044|般咸道官立小學
010-044-1716|010-044|聖類斯中學(小學部)
010-044-1717|010-044|聖安多尼學校
010-044-1718|010-044|聖士提反女子中學附屬小學
010-044-1719|010-044|聖嘉祿學校
010-044-1720|010-044|聖嘉勒小學
010-044-1721|010-044|聖公會聖馬太小學
010-044-1722|010-044|聖公會聖彼得小學
010-044-1723|010-044|聖公會基恩小學
010-044-1724|010-044|聖公會呂明才紀念小學
010-044-1725|010-044|聖保羅書院小學
010-044-1726|010-044|李陞小學
010-044-1727|010-044|新會商會學校
010-044-1728|010-044|救恩學校
010-044-1729|010-044|天主教總堂區學校
010-044-1730|010-044|嘉諾撒聖心學校私立部
010-044-1731|010-044|嘉諾撒聖心學校
010-044-1732|010-044|中西區聖安多尼學校
010-044-1733|010-044|Island Christian Academy
010-044-1734|010-044|黃埔宣道小學
010-044-1735|010-044|馬頭涌官立小學(紅磡灣)
010-044-1736|010-044|馬頭涌官立小學
010-044-1737|010-044|香港培道小學
010-044-1738|010-044|香港培正小學
010-044-1739|010-044|陳瑞祺(喇沙)小學
010-044-1740|010-044|農圃道官立小學
010-044-1741|010-044|葛量洪校友會黃埔學校
010-044-1742|010-044|華德學校
010-044-1743|010-044|聖若望英文書院(小學部)
010-044-1744|010-044|聖羅撒學校
010-044-1745|010-044|聖公會聖提摩太小學
010-044-1746|010-044|聖公會聖十架小學
010-044-1747|010-044|聖公會聖匠小學
010-044-1748|010-044|聖公會牧愛小學
010-044-1749|010-044|聖公會奉基小學
010-044-1750|010-044|聖公會奉基千禧小學
010-044-1751|010-044|聖三一堂小學
010-044-1752|010-044|耀山學校
010-044-1753|010-044|神召第一小學
010-044-1754|010-044|瑪利諾修院學校(小學部)
010-044-1755|010-044|獻主會聖馬善樂小學
010-044-1756|010-044|獻主會小學
010-044-1757|010-044|民生書院小學
010-044-1758|010-044|拔萃男書院附屬小學
010-044-1759|010-044|拔萃小學
010-044-1760|010-044|天神嘉諾撒學校
010-044-1761|010-044|天主教領島學校
010-044-1762|010-044|基督教香港信義會紅磡信義學校
010-044-1763|010-044|嘉諾撒聖家學校(九龍塘)
010-044-1764|010-044|嘉諾撒聖家學校
010-044-1765|010-044|喇沙小學
010-044-1766|010-044|啟思小學
010-044-1767|010-044|合一堂學校
010-044-1768|010-044|協恩中學附屬小學
010-044-1769|010-044|保良局林文燦英文小學
010-044-1770|010-044|保良局何壽南小學
010-044-1771|010-044|九龍靈光小學
010-044-1772|010-044|九龍真光中學(小學部)
010-044-1773|010-044|九龍婦女福利會李炳紀念學校
010-044-1774|010-044|九龍塘宣道小學
010-044-1775|010-044|九龍塘官立小學
010-044-1776|010-044|九龍塘學校(小學部)
010-044-1777|010-044|九龍塘天主教華德學校
010-044-1778|010-044|中華基督教會灣仔堂基道小學(九龍城)
010-044-1779|010-044|中華基督教會基華小學(九龍塘)
010-044-1780|010-044|香港青年協會李兆基小學
010-044-1781|010-044|香港潮陽小學
010-044-1782|010-044|香港普通話研習社科技創意小學
010-044-1783|010-044|香港學生輔助會小學
010-044-1784|010-044|順德聯誼總會伍冕端小學
010-044-1785|010-044|鐘聲學校
010-044-1786|010-044|錦田公立蒙養學校
010-044-1787|010-044|金巴崙長老會耀道小學
010-044-1788|010-044|通德學校
010-044-1789|010-044|聖公會靈愛小學
010-044-1790|010-044|聖公會聖約瑟小學
010-044-1791|010-044|聖公會天水圍靈愛小學
010-044-1792|010-044|獅子會何德心小學
010-044-1793|010-044|激活英文小學
010-044-1794|010-044|潮陽百欣小學
010-044-1795|010-044|港澳信義會黃陳淑英紀念學校
010-044-1796|010-044|樂善堂梁銶琚學校(分校)
010-044-1797|010-044|樂善堂梁銶琚學校
010-044-1798|010-044|東華三院李東海小學
010-044-1799|010-044|東華三院姚達之紀念小學(元朗)
010-044-1800|010-044|惇裕學校
010-044-1801|010-044|宣道會葉紹蔭紀念小學
010-044-1802|010-044|天水圍循道衛理小學
010-044-1803|010-044|天水圍官立小學
010-044-1804|010-044|天水圍天主教小學
010-044-1805|010-044|基督教香港信義會宏信書院
010-044-1806|010-044|基督教香港信義會啟信學校
010-044-1807|010-044|基督教宣道會徐澤林紀念小學
010-044-1808|010-044|嗇色園主辦可銘學校
010-044-1809|010-044|和富慈善基金李宗德小學
010-044-1810|010-044|博愛醫院歷屆總理聯誼會梁省德學校
010-044-1811|010-044|南元朗官立小學
010-044-1812|010-044|十八鄉鄉事委員會公益社小學
010-044-1813|010-044|八鄉中心小學
010-044-1814|010-044|光明英來學校
010-044-1815|010-044|光明學校
010-044-1816|010-044|元朗朗屏邨東莞學校
010-044-1817|010-044|元朗朗屏邨惠州學校
010-044-1818|010-044|元朗寶覺小學
010-044-1819|010-044|元朗官立小學
010-044-1820|010-044|元朗商會小學
010-044-1821|010-044|元朗公立中學校友會英業小學
010-044-1822|010-044|元朗公立中學校友會小學
010-044-1823|010-044|佛教陳榮根紀念學校
010-044-1824|010-044|佛教榮茵學校
010-044-1825|010-044|伊利沙伯中學舊生會小學分校
010-044-1826|010-044|伊利沙伯中學舊生會小學
010-044-1827|010-044|中華基督教青年會小學
010-044-1828|010-044|中華基督教會方潤華小學
010-044-1829|010-044|中華基督教會元朗真光小學
010-044-1830|010-044|鳳溪第一小學
010-044-1831|010-044|鳳溪廖潤琛紀念學校
010-044-1832|010-044|鳳溪創新小學
010-044-1833|010-044|香海正覺蓮社佛教陳式宏學校
010-044-1834|010-044|香海正覺蓮社佛教正覺蓮社學校
010-044-1835|010-044|香海正覺蓮社佛教正慧小學
010-044-1836|010-044|金錢村何東學校
010-044-1837|010-044|育賢學校
010-044-1838|010-044|聖公會榮真小學
010-044-1839|010-044|聖公會嘉福榮真小學
010-044-1840|010-044|粉嶺官立小學
010-044-1841|010-044|粉嶺公立學校
010-044-1842|010-044|福德學社小學
010-044-1843|010-044|石湖墟公立學校
010-044-1844|010-044|沙頭角中心小學
010-044-1845|010-044|東華三院馬錦燦紀念小學
010-044-1846|010-044|東華三院港九電器商聯會小學
010-044-1847|010-044|東莞學校
010-044-1848|010-044|李志達紀念學校
010-044-1849|010-044|曾梅千禧學校
010-044-1850|010-044|方樹福堂基金方樹泉小學
010-044-1851|010-044|打鼓嶺嶺英公立學校
010-044-1852|010-044|寶血會培靈學校
010-044-1853|010-044|基督教粉嶺神召會小學
010-044-1854|010-044|五旬節靳茂生小學
010-044-1855|010-044|五旬節于良發小學
010-044-1856|010-044|上水惠州公立學校
010-044-1857|010-044|上水宣道小學
010-044-1858|010-044|鴨脷洲街坊學校
010-044-1859|010-044|香港南區官立小學
010-044-1860|010-044|香港仔聖伯多祿天主教小學
010-044-1861|010-044|香島道官立小學
010-044-1862|010-044|華富邨寶血小學
010-044-1863|010-044|聖士提反書院附屬小學
010-044-1864|010-044|聖公會置富始南小學
010-044-1865|010-044|聖公會田灣始南小學
010-044-1866|010-044|聖保羅男女中學附屬小學
010-044-1867|010-044|聖伯多祿天主教小學
010-044-1868|010-044|滬江維多利亞學校
010-044-1869|010-044|海怡寶血小學
010-044-1870|010-044|東華三院鶴山學校
010-044-1871|010-044|弘立書院
010-044-1872|010-044|嘉諾撒培德學校
010-044-1873|010-044|香港道教聯合會雲泉吳禮和紀念學校
010-044-1874|010-044|香港教育大學賽馬會小學
010-044-1875|010-044|聖公會阮鄭夢芹銀禧小學
010-044-1876|010-044|聖公會阮鄭夢芹小學
010-044-1877|010-044|港九街坊婦女會孫方中小學
010-044-1878|010-044|林村公立黃福鑾紀念學校
010-044-1879|010-044|新界婦孺福利會梁省德學校
010-044-1880|010-044|新界婦孺福利會基督教銘恩小學
010-044-1881|010-044|德萃小學
010-044-1882|010-044|天主教聖母聖心小學
010-044-1883|010-044|大埔舊墟公立學校(寶湖道)
010-044-1884|010-044|大埔舊墟公立學校
010-044-1885|010-044|大埔浸信會公立學校
010-044-1886|010-044|大埔循道衛理小學
010-044-1887|010-044|大埔崇德黃建常紀念學校
010-044-1888|010-044|大埔官立小學
010-044-1889|010-044|保良局田家炳小學
010-044-1890|010-044|保良局田家炳千禧小學
010-044-1891|010-044|仁濟醫院蔡衍濤小學
010-044-1892|010-044|三水同鄉會禤景榮學校
010-044-1893|010-044|香港路德會增城兆霖學校
010-044-1894|010-044|香港紅卍字會屯門卍慈小學
010-044-1895|010-044|順德聯誼總會胡少渠紀念小學
010-044-1896|010-044|順德聯誼總會李金小學
010-044-1897|010-044|順德聯誼總會何日東小學
010-044-1898|010-044|青山天主教小學
010-044-1899|010-044|道教青松小學(湖景邨)
010-044-1900|010-044|道教青松小學
010-044-1901|010-044|路德會呂祥光小學
010-044-1902|010-044|興德學校
010-044-1903|010-044|聖公會蒙恩小學
010-044-1904|010-044|樂善堂梁黃蕙芳紀念學校
010-044-1905|010-044|柏立基教育學院校友會何壽基學校
010-044-1906|010-044|東華三院鄧肇堅小學
010-044-1907|010-044|屯門官立小學
010-044-1908|010-044|台山商會學校
010-044-1909|010-044|博愛醫院歷屆總理聯誼會鄭任安夫人學校
010-044-1910|010-044|博愛醫院歷屆總理聯誼會鄭任安夫人千禧小學
010-044-1911|010-044|僑港伍氏宗親會伍時暢紀念學校
010-044-1912|010-044|保良局香港道教聯合會圓玄小學
010-044-1913|010-044|保良局西區婦女福利會馮李佩瑤小學
010-044-1914|010-044|保良局莊啟程第二小學
010-044-1915|010-044|保良局梁周順琴小學
010-044-1916|010-044|保良局方王錦全小學
010-044-1917|010-044|保良局志豪小學
010-044-1918|010-044|伊斯蘭學校
010-044-1919|010-044|仁濟醫院羅陳楚思小學
010-044-1920|010-044|仁濟醫院何式南小學
010-044-1921|010-044|仁愛堂劉皇發夫人小學
010-044-1922|010-044|仁德天主教小學
010-044-1923|010-044|五邑鄒振猷學校
010-044-1924|010-044|中華基督教會蒙黃花沃紀念小學
010-044-1925|010-044|中華基督教會拔臣小學
010-044-1926|010-044|中華基督教會何福堂小學
010-044-1927|010-044|世界龍岡學校劉德容紀念小學
010-044-1928|010-044|香港嘉諾撒學校
010-044-1929|010-044|香港中國婦女會丘佐榮學校
010-044-1930|010-044|蘇浙小學
010-044-1931|010-044|聖馬可小學
010-044-1932|010-044|聖公會聖米迦勒小學
010-044-1933|010-044|聖公會柴灣聖米迦勒小學
010-044-1934|010-044|筲箕灣崇真學校
010-044-1935|010-044|筲箕灣官立小學
010-044-1936|010-044|漢華中學(小學部)
010-044-1937|010-044|滬江小學
010-044-1938|010-044|港大同學會小學
010-044-1939|010-044|救世軍韋理夫人紀念學校
010-044-1940|010-044|救世軍中原慈善基金學校
010-044-1941|010-044|慈幼學校
010-044-1942|010-044|愛秩序灣官立小學
010-044-1943|010-044|太古小學
010-044-1944|010-044|天主教明德學校
010-044-1945|010-044|基督教香港信義會信愛學校
010-044-1946|010-044|培僑小學
010-044-1947|010-044|啟基學校(港島)
010-044-1948|010-044|北角衛理小學
010-044-1949|010-044|北角循道學校
010-044-1950|010-044|北角官立小學
010-044-1951|010-044|勵志會梁李秀娛紀念小學
010-044-1952|010-044|佛教中華康山學校
010-044-1953|010-044|丹拿山循道學校
010-044-1954|010-044|中華基督教會基灣小學(愛蝶灣)
010-044-1955|010-044|中華基督教會基灣小學
010-044-1956|010-044|馬鞍山靈糧小學
010-044-1957|010-044|馬鞍山聖若瑟小學
010-044-1958|010-044|馬鞍山循道衛理小學
010-044-1959|010-044|香港道教聯合會純陽小學
010-044-1960|010-044|香港九龍塘基督教中華宣道會陳元喜小學
010-044-1961|010-044|香港九龍塘基督教中華宣道會台山陳元喜小學
010-044-1962|010-044|香港中文大學校友會聯會張煊昌學校
010-044-1963|010-044|迦密愛禮信小學
010-044-1964|010-044|路德會梁鉅鏐小學
010-044-1965|010-044|胡素貞博士紀念學校
010-044-1966|010-044|聖母無玷聖心學校
010-044-1967|010-044|聖公會馬鞍山主風小學
010-044-1968|010-044|聖公會主風小學
010-044-1969|010-044|浸信會沙田圍呂明才小學
010-044-1970|010-044|浸信會呂明才小學
010-044-1971|010-044|沙田循道衛理小學
010-044-1972|010-044|沙田崇真學校
010-044-1973|010-044|沙田官立小學
010-044-1974|010-044|沙田圍胡素貞博士紀念學校
010-044-1975|010-044|東華三院水泉澳小學
010-044-1976|010-044|東華三院冼次雲小學
010-044-1977|010-044|東莞工商總會張煌偉小學
010-044-1978|010-044|救世軍田家炳學校
010-044-1979|010-044|慈航學校
010-044-1980|010-044|循理會美林小學
010-044-1981|010-044|循理會白普理基金循理小學
010-044-1982|010-044|天主教聖華學校
010-044-1983|010-044|基督教香港信義會馬鞍山信義學校
010-044-1984|010-044|基督教香港信義會禾輋信義學校
010-044-1985|010-044|培基小學
010-044-1986|010-044|培僑書院
010-044-1987|010-044|吳氏宗親總會泰伯紀念學校
010-044-1988|010-044|保良局雨川小學
010-044-1989|010-044|保良局蕭漢森小學
010-044-1990|010-044|保良局莊啟程小學
010-044-1991|010-044|保良局王賜豪(田心谷)小學
010-044-1992|010-044|保良局朱正賢小學
010-044-1993|010-044|九龍城浸信會禧年小學
010-044-1994|010-044|世界龍岡學校黃耀南小學
010-044-1995|010-044|鮮魚行學校
010-044-1996|010-044|路德會沙崙學校
010-044-1997|010-044|聖公會基榮小學
010-044-1998|010-044|漢師德萃學校
010-044-1999|010-044|油蔴地街坊會學校
010-044-2000|010-044|油蔴地天主教小學(海泓道)
010-044-2001|010-044|油蔴地天主教小學
010-044-2002|010-044|東華三院羅裕積小學
010-044-2003|010-044|東莞同鄉會方樹泉學校
010-044-2004|010-044|拔萃女小學
010-044-2005|010-044|德信學校
010-044-2006|010-044|循道學校
010-044-2007|010-044|廣東道官立小學
010-044-2008|010-044|大角嘴天主教小學(海帆道)
010-044-2009|010-044|大角嘴天主教小學
010-044-2010|010-044|塘尾道官立小學
010-044-2011|010-044|嘉諾撒聖瑪利學校
010-044-2012|010-044|保良局陳守仁小學
010-044-2013|010-044|佐敦道官立小學
010-044-2014|010-044|中華基督教會灣仔堂基道小學
010-044-2015|010-044|中華基督教會基全小學
010-044-2016|010-044|中華基督教會協和小學
010-044-2017|010-044|香港四邑商工總會新會商會學校
010-044-2018|010-044|荔枝角天主教小學
010-044-2019|010-044|英華小學
010-044-2020|010-044|聖瑪加利男女英文中小學
010-044-2021|010-044|聖方濟愛德小學
010-044-2022|010-044|聖方濟各英文小學
010-044-2023|010-044|聖公會聖紀文小學
010-044-2024|010-044|聖公會聖安德烈小學
010-044-2025|010-044|聖公會聖多馬小學
010-044-2026|010-044|聖公會基福小學
010-044-2027|010-044|聖公會基愛小學
010-044-2028|010-044|福榮街官立小學
010-044-2029|010-044|白田天主教小學
010-044-2030|010-044|瑪利諾神父教會學校(小學部)
010-044-2031|010-044|深水埗官立小學
010-044-2032|010-044|深水埔街坊福利會小學
010-044-2033|010-044|李鄭屋官立小學
010-044-2034|010-044|旅港開平商會學校
010-044-2035|010-044|德雅小學
010-044-2036|010-044|嶺南大學香港同學會小學
010-044-2037|010-044|崇真小學暨幼稚園(小學部)
010-044-2038|010-044|寶血會嘉靈學校
010-044-2039|010-044|天主教善導小學
010-044-2040|010-044|大坑東宣道小學
010-044-2041|010-044|基督教香港信義會深信學校
010-044-2042|010-044|地利亞英文小學暨幼稚園
010-044-2043|010-044|啟基學校
010-044-2044|010-044|保良局蔡繼有學校
010-044-2045|010-044|五邑工商總會學校
010-044-2046|010-044|九龍禮賢學校
010-044-2047|010-044|中華基督教會協和小學(長沙灣)
010-044-2048|010-044|高主教書院小學部
010-044-2049|010-044|香港真光中學(小學部)
010-044-2050|010-044|軒尼詩道官立小學(銅鑼灣)
010-044-2051|010-044|軒尼詩道官立小學
010-044-2052|010-044|聖若瑟小學
010-044-2053|010-044|聖公會聖雅各小學
010-044-2054|010-044|聖保祿學校(小學部)
010-044-2055|010-044|聖保祿天主教小學
010-044-2056|010-044|番禺會所華仁小學
010-044-2057|010-044|瑪利曼小學
010-044-2058|010-044|玫瑰崗學校(小學部)
010-044-2059|010-044|東華三院李賜豪小學
010-044-2060|010-044|李陞大坑學校
010-044-2061|010-044|寶覺小學
010-044-2062|010-044|寶血小學
010-044-2063|010-044|官立嘉道理爵士小學
010-044-2064|010-044|嘉諾撒聖方濟各學校
010-044-2065|010-044|北角官立小學(雲景道)
010-044-2066|010-044|保良局金銀業貿易場張凝文學校
010-044-2067|010-044|佛教黃焯菴小學
010-044-2068|010-044|香港道教聯合會圓玄學院石圍角小學
010-044-2069|010-044|香港浸信會聯會小學
010-044-2070|010-044|靈光小學
010-044-2071|010-044|路德會聖十架學校
010-044-2072|010-044|荃灣潮州公學
010-044-2073|010-044|荃灣官立小學
010-044-2074|010-044|荃灣天主教小學
010-044-2075|010-044|荃灣公立何傳耀紀念小學
010-044-2076|010-044|聖公會主愛小學(梨木樹)
010-044-2077|010-044|玫瑰蕾小學
010-044-2078|010-044|深井天主教小學
010-044-2079|010-044|海壩街官立小學
010-044-2080|010-044|梨木樹天主教小學
010-044-2081|010-044|柴灣角天主教小學
010-044-2082|010-044|寶血會思源學校
010-044-2083|010-044|寶血會伍季明紀念學校
010-044-2084|010-044|天佑小學
010-044-2085|010-044|天主教石鐘山紀念小學
010-044-2086|010-044|中華基督教會基慧小學(馬灣)
010-044-2087|010-044|中華基督教會基慧小學
010-044-2088|010-044|中華基督教會全完第一小學
010-044-2089|010-044|青衣商會小學
010-044-2090|010-044|郭怡雅神父紀念學校
010-044-2091|010-044|荃灣商會學校
010-044-2092|010-044|聖公會青衣邨何澤芸小學
010-044-2093|010-044|聖公會青衣主恩小學
010-044-2094|010-044|聖公會何澤芸小學
010-044-2095|010-044|聖公會仁立紀念小學
010-044-2096|010-044|聖公會仁立小學
010-044-2097|010-044|聖公會主愛小學
010-044-2098|010-044|聖公會主恩小學
010-044-2099|010-044|祖堯天主教小學
010-044-2100|010-044|石籬聖若望天主教小學
010-044-2101|010-044|石籬天主教小學
010-044-2102|010-044|柏立基教育學院校友會李一諤紀念學校
010-044-2103|010-044|東華三院黃士心小學
010-044-2104|010-044|東華三院高可寧紀念小學
010-044-2105|010-044|東華三院周演森小學
010-044-2106|010-044|慈幼葉漢小學
010-044-2107|010-044|慈幼葉漢千禧小學
010-044-2108|010-044|基督教香港信義會葵盛信義學校
010-044-2109|010-044|地利亞(閩僑)英文小學
010-044-2110|010-044|嗇色園主辦可信學校
010-044-2111|010-044|保良局陳溢小學
010-044-2112|010-044|保良局世德小學
010-044-2113|010-044|佛教林金殿紀念小學
010-044-2114|010-044|佛教林炳炎紀念學校
010-044-2115|010-044|仁濟醫院趙曾學韞小學
010-044-2116|010-044|亞斯理衛理小學
010-044-2117|010-044|中華基督教會基真小學
010-044-2118|010-044|中華基督教會全完第二小學
010-044-2119|010-044|中華傳道會許大同學校
010-044-2120|010-044|中華傳道會呂明才小學
010-044-2121|010-044|香港華人基督教聯會真道書院
010-044-2122|010-044|香港復臨學校
010-044-2123|010-044|香海正覺蓮社佛教黃藻森學校
010-044-2124|010-044|順德聯誼總會梁潔華小學
010-044-2125|010-044|西貢崇真天主教學校(小學部)
010-044-2126|010-044|西貢中心李少欽紀念學校
010-044-2127|010-044|聖公會將軍澳基德小學
010-044-2128|010-044|港澳信義會明道小學
010-044-2129|010-044|港澳信義會小學
010-044-2130|010-044|樂善堂劉德學校
010-044-2131|010-044|東華三院王余家潔紀念小學
010-044-2132|010-044|景林天主教小學
010-044-2133|010-044|播道書院
010-044-2134|010-044|將軍澳循道衛理小學
010-044-2135|010-044|將軍澳官立小學
010-044-2136|010-044|將軍澳天主教小學
010-044-2137|010-044|天主教聖安德肋小學
010-044-2138|010-044|基督教神召會梁省德小學
010-044-2139|010-044|基督教宣道會宣基小學
010-044-2140|010-044|博愛醫院陳國威小學
010-044-2141|010-044|優才(楊殷有娣)書院
010-044-2142|010-044|保良局黃永樹小學
010-044-2143|010-044|保良局馮晴紀念小學
010-044-2144|010-044|保良局陸慶濤小學
010-044-2145|010-044|佛教志蓮小學
010-044-2146|010-044|仁濟醫院陳耀星小學
010-044-2147|010-044|仁愛堂田家炳小學
010-044-2148|010-044|香港道教聯合會雲泉學校
010-044-2149|010-044|香港道教聯合會圓玄學院陳呂重德紀念學校
010-044-2150|010-044|閩僑小學
010-044-2151|010-044|迦密梁省德學校
010-044-2152|010-044|路德會聖馬太學校(秀茂坪)
010-044-2153|010-044|觀塘官立小學(秀明道)
010-044-2154|010-044|觀塘官立小學
010-044-2155|010-044|藍田循道衛理小學
010-044-2156|010-044|聖若翰天主教小學
010-044-2157|010-044|聖若瑟英文小學
010-044-2158|010-044|聖愛德華天主教小學
010-044-2159|010-044|聖安當小學
010-044-2160|010-044|聖公會聖約翰曾肇添小學
010-044-2161|010-044|聖公會油塘基顯小學
010-044-2162|010-044|聖公會李兆強小學
010-044-2163|010-044|聖公會德田李兆強小學
010-044-2164|010-044|聖公會基顯小學
010-044-2165|010-044|聖公會基樂小學
010-044-2166|010-044|聖公會九龍灣基樂小學
010-044-2167|010-044|秀茂坪天主教小學
010-044-2168|010-044|秀明小學
010-044-2169|010-044|浸信宣道會呂明才小學
010-044-2170|010-044|樂華天主教小學
010-044-2171|010-044|樂善堂楊仲明學校
010-044-2172|010-044|天主教柏德學校
010-044-2173|010-044|天主教佑華小學
010-044-2174|010-044|基督教聖約教會堅樂第二小學
010-044-2175|010-044|基督教聖約教會堅樂小學
010-044-2176|010-044|基督教宣道會宣基小學(坪石)
010-044-2177|010-044|坪石天主教小學
010-044-2178|010-044|佛教慈敬學校
010-044-2179|010-044|佐敦谷聖若瑟天主教小學
010-044-2180|010-044|九龍灣聖若翰天主教小學
010-044-2181|010-044|中華基督教會基法小學(油塘)
010-044-2182|010-044|中華基督教會基法小學
010-044-2183|010-044|香港教育工作者聯會黃楚標學校
010-044-2184|010-044|青松侯寶垣小學
010-044-2185|010-044|靈糧堂秀德小學
010-044-2186|010-044|長洲聖心學校
010-044-2187|010-044|聖家學校
010-044-2188|010-044|聖公會偉倫小學
010-044-2189|010-044|梅窩學校
010-044-2190|010-044|東涌天主教學校
010-044-2191|010-044|杯澳公立學校
010-044-2192|010-044|救世軍林拔中紀念學校
010-044-2193|010-044|寶安商會溫浩根小學
010-044-2194|010-044|國民學校
010-044-2195|010-044|嗇色園主辦可譽中學暨可譽小學
010-044-2196|010-044|南丫北段公立小學
010-044-2197|010-044|中華基督教會長洲堂錦江小學
010-044-2198|010-044|中華基督教會大澳小學
010-044-2199|010-044|黃大仙官立小學
010-044-2200|010-044|黃大仙天主教小學
010-044-2201|010-044|聖母小學
010-044-2202|010-044|聖文德天主教小學
010-044-2203|010-044|聖博德學校
010-044-2204|010-044|聖博德天主教小學(蒲崗村道)
010-044-2205|010-044|聖公會基德小學
010-044-2206|010-044|福德學校
010-044-2207|010-044|真鐸學校
010-044-2208|010-044|獻主會溥仁小學
010-044-2209|010-044|浸信會天虹小學
010-044-2210|010-044|慈雲山聖文德天主教小學
010-044-2211|010-044|慈雲山天主教小學
010-044-2212|010-044|德望小學暨幼稚園(小學部)
010-044-2213|010-044|彩雲聖若瑟小學
010-044-2214|010-044|孔教學院大成小學
010-044-2215|010-044|天主教博智小學
010-044-2216|010-044|天主教伍華小學
010-044-2217|010-044|國際基督教優質音樂中學暨小學
010-044-2218|010-044|嘉諾撒小學(新蒲崗)
010-044-2219|010-044|嘉諾撒小學
010-044-2220|010-044|嗇色園主辦可立小學
010-044-2221|010-044|保良局陳南昌夫人小學
010-044-2222|010-044|保良局錦泰小學
010-044-2223|010-044|伊斯蘭鮑伯濤紀念小學
010-044-2224|010-044|中華基督教會基華小學
010-044-2225|010-044|中華基督教會基慈小學
010-044-2226|010-044|中華基督教會基華小學
010-044-2227|010-044|中華基督教會基慈小學
010-045-2226|010-045|聖保羅男女中學
010-045-2227|010-045|聖士提反女子中學
010-045-2228|010-045|聖若瑟書院
010-045-2229|010-045|英皇書院
010-045-2230|010-045|英華女學校
010-045-2231|010-045|聖保羅書院
010-045-2232|010-045|聖嘉勒女書院
010-045-2233|010-045|聖類斯中學
010-045-2234|010-045|高主教書院
010-045-2235|010-045|樂善堂梁銶琚書院
010-045-2236|010-045|聖士提反堂中學
010-045-2237|010-045|香港兆基創意書院
010-045-2238|010-045|瑪利諾修院學校(中學部)
010-045-2239|010-045|協恩中學
010-045-2240|010-045|華英中學
010-045-2241|010-045|喇沙書院
010-045-2242|010-045|迦密中學
010-045-2243|010-045|香港培正中學
010-045-2244|010-045|拔萃男書院
010-045-2245|010-045|民生書院
010-045-2246|010-045|九龍真光中學
010-045-2247|010-045|何明華會督銀禧中學
010-045-2248|010-045|旅港開平商會中學
010-045-2249|010-045|東華三院黃笏南中學
010-045-2250|010-045|保良局顏寶鈴書院
010-045-2251|010-045|嘉諾撒聖家書院
010-045-2252|010-045|基督教女青年會丘佐榮中學
010-045-2253|010-045|香港培道中學
010-045-2254|010-045|何文田官立中學
010-045-2255|010-045|鄧鏡波學校
010-045-2256|010-045|陳瑞祺(喇沙)書院
010-045-2257|010-045|聖公會聖三一堂中學
010-045-2258|010-045|創知中學
010-045-2259|010-045|順德聯誼總會胡兆熾中學
010-045-2260|010-045|中華基督教會基道中學
010-045-2261|010-045|五旬節中學
010-045-2262|010-045|禮賢會彭學高紀念中學
010-045-2263|010-045|獻主會聖母院書院
010-045-2264|010-045|九龍塘學校(中學部)
010-045-2265|010-045|余振強紀念中學
010-045-2266|010-045|聖公會蔡功譜中學
010-045-2267|010-045|德蘭中學
010-045-2268|010-045|新亞中學
010-045-2269|010-045|聖公會聖匠中學
010-045-2270|010-045|賽馬會官立中學
010-045-2271|010-045|基督教香港信義會元朗信義中學
010-045-2272|010-045|天主教崇德英文書院
010-045-2273|010-045|新界鄉議局元朗區中學
010-045-2274|010-045|趙聿修紀念中學
010-045-2275|010-045|香港管理專業協會羅桂祥中學
010-045-2276|010-045|香港青年協會李兆基書院
010-045-2277|010-045|中華基督教會基元中學
010-045-2278|010-045|聖公會白約翰會督中學
010-045-2279|010-045|元朗商會中學
010-045-2280|010-045|東華三院盧幹庭紀念中學
010-045-2281|010-045|中華基督教會基朗中學
010-045-2282|010-045|伊利沙伯中學舊生會中學
010-045-2283|010-045|元朗公立中學
010-045-2284|010-045|十八鄉鄉事委員會公益社中學
010-045-2285|010-045|博愛醫院鄧佩瓊紀念中學
010-045-2286|010-045|裘錦秋中學(元朗)
010-045-2287|010-045|順德聯誼總會翁祐中學
010-045-2288|010-045|中華基督教青年會中學
010-045-2289|010-045|元朗公立中學校友會鄧兆棠中學
010-045-2290|010-045|基督教香港信義會宏信書院
010-045-2291|010-045|天水圍官立中學
010-045-2292|010-045|天水圍循道衛理中學
010-045-2293|010-045|香港中文大學校友會聯會張煊昌中學
010-045-2294|010-045|天水圍香島中學
010-045-2295|010-045|中華基督教會方潤華中學
010-045-2296|010-045|伊利沙伯中學舊生會湯國華中學
010-045-2297|010-045|可道中學(嗇色園主辦)
010-045-2298|010-045|路德會西門英才中學
010-045-2299|010-045|金巴崙長老會耀道中學
010-045-2300|010-045|東華三院馬振玉紀念中學
010-045-2301|010-045|伯裘書院
010-045-2302|010-045|賽馬會毅智書院
010-045-2303|010-045|圓玄學院妙法寺內明陳呂重德紀念中學
010-045-2304|010-045|伯特利中學
010-045-2305|010-045|佛教茂峰法師紀念中學
010-045-2306|010-045|元朗天主教中學
010-045-2307|010-045|天主教培聖中學
010-045-2308|010-045|明愛元朗陳震夏中學
010-045-2309|010-045|東華三院郭一葦中學
010-045-2310|010-045|香港道教聯合會鄧顯紀念中學
010-045-2311|010-045|東華三院甲寅年總理中學
010-045-2312|010-045|田家炳中學
010-045-2313|010-045|聖公會陳融中學
010-045-2314|010-045|風采中學(教育評議會主辦)
010-045-2315|010-045|保良局馬錦明中學
010-045-2316|010-045|東華三院李嘉誠中學
010-045-2317|010-045|粉嶺禮賢會中學
010-045-2318|010-045|鳳溪廖萬石堂中學
010-045-2319|010-045|粉嶺救恩書院
010-045-2320|010-045|基督教香港信義會心誠中學
010-045-2321|010-045|香海正覺蓮社佛教馬錦燦紀念英文中學
010-045-2322|010-045|宣道會陳朱素華紀念中學
010-045-2323|010-045|鳳溪第一中學
010-045-2324|010-045|聖芳濟各書院
010-045-2325|010-045|新界喇沙中學
010-045-2326|010-045|中華基督教會基新中學
010-045-2327|010-045|粉嶺官立中學
010-045-2328|010-045|明愛粉嶺陳震夏中學
010-045-2329|010-045|上水官立中學
010-045-2330|010-045|滬江維多利亞學校
010-045-2331|010-045|漢鼎書院
010-045-2332|010-045|弘立書院
010-045-2333|010-045|港大同學會書院
010-045-2334|010-045|嘉諾撒聖心書院
010-045-2335|010-045|聖士提反書院
010-045-2336|010-045|聖公會呂明才中學
010-045-2337|010-045|香港真光書院
010-045-2338|010-045|聖伯多祿中學
010-045-2339|010-045|香港仔浸信會呂明才書院
010-045-2340|010-045|嘉諾撒培德書院
010-045-2341|010-045|余振強紀念第二中學
010-045-2342|010-045|新會商會陳白沙紀念中學
010-045-2343|010-045|明愛胡振中中學
010-045-2344|010-045|培英中學
010-045-2345|010-045|香港仔工業學校
010-045-2346|010-045|明愛莊月明中學
010-045-2347|010-045|香港航海學校
010-045-2348|010-045|迦密柏雨中學
010-045-2349|010-045|王肇枝中學
010-045-2350|010-045|聖公會莫壽增會督中學
010-045-2351|010-045|南亞路德會沐恩中學
010-045-2352|010-045|恩主教書院
010-045-2353|010-045|孔教學院大成何郭佩珍中學
010-045-2354|010-045|港九街坊婦女會孫方中書院
010-045-2355|010-045|羅定邦中學
010-045-2356|010-045|香港道教聯合會圓玄學院第二中學
010-045-2357|010-045|救恩書院
010-045-2358|010-045|神召會康樂中學
010-045-2359|010-045|迦密聖道中學
010-045-2360|010-045|中華聖潔會靈風中學
010-045-2361|010-045|靈糧堂劉梅軒中學
010-045-2362|010-045|大埔三育中學
010-045-2363|010-045|香港教師會李興貴中學
010-045-2364|010-045|香港紅卍字會大埔卍慈中學
010-045-2365|010-045|新界鄉議局大埔區中學
010-045-2366|010-045|中華基督教會馮梁結紀念中學
010-045-2367|010-045|佛教大光慈航中學
010-045-2368|010-045|東華三院鄺錫坤伉儷中學
010-045-2369|010-045|保良局百周年李兆忠紀念中學
010-045-2370|010-045|保良局董玉娣中學
010-045-2371|010-045|順德聯誼總會梁銶琚中學
010-045-2372|010-045|宣道會陳瑞芝紀念中學
010-045-2373|010-045|仁愛堂田家炳中學
010-045-2374|010-045|順德聯誼總會譚伯羽中學
010-045-2375|010-045|馬錦明慈善基金馬可賓紀念中學
010-045-2376|010-045|南屯門官立中學
010-045-2377|010-045|妙法寺劉金龍中學
010-045-2378|010-045|屯門官立中學
010-045-2379|010-045|屯門天主教中學
010-045-2380|010-045|崇真書院
010-045-2381|010-045|東華三院辛亥年總理中學
010-045-2382|010-045|浸信會永隆中學
010-045-2383|010-045|路德會呂祥光中學
010-045-2384|010-045|迦密唐賓南紀念中學
010-045-2385|010-045|仁濟醫院第二中學
010-045-2386|010-045|香海正覺蓮社佛教梁植偉中學
010-045-2387|010-045|宣道中學
010-045-2388|010-045|新生命教育協會平安福音中學
010-045-2389|010-045|東華三院邱子田紀念中學
010-045-2390|010-045|中華基督教會何福堂書院
010-045-2391|010-045|仁愛堂陳黃淑芳紀念中學
010-045-2392|010-045|聖公會聖西門呂明才中學
010-045-2393|010-045|裘錦秋中學(屯門)
010-045-2394|010-045|廠商會蔡章閣中學
010-045-2395|010-045|新會商會中學
010-045-2396|010-045|深培中學
010-045-2397|010-045|中華基督教會譚李麗芬紀念中學
010-045-2398|010-045|加拿大神召會嘉智中學
010-045-2399|010-045|嗇色園主辦可藝中學
010-045-2400|010-045|鐘聲慈善社胡陳金枝中學
010-045-2401|010-045|青松侯寶垣中學
010-045-2402|010-045|佛教沈香林紀念中學
010-045-2403|010-045|恩平工商會李琳明中學
010-045-2404|010-045|明愛屯門馬登基金中學
010-045-2405|010-045|炮台山循道衛理中學
010-045-2406|010-045|聖馬可中學
010-045-2407|010-045|香港中國婦女會中學
010-045-2408|010-045|庇理羅士女子中學
010-045-2409|010-045|張祝珊英文中學
010-045-2410|010-045|港島民生書院
010-045-2411|010-045|中華基金中學
010-045-2412|010-045|筲箕灣官立中學
010-045-2413|010-045|嘉諾撒書院
010-045-2414|010-045|中華傳道會劉永生中學
010-045-2415|010-045|衛理中學
010-045-2416|010-045|金文泰中學
010-045-2417|010-045|福建中學(小西灣)
010-045-2418|010-045|顯理中學
010-045-2419|010-045|漢華中學
010-045-2420|010-045|培僑中學
010-045-2421|010-045|寶血女子中學
010-045-2422|010-045|慈幼英文學校
010-045-2423|010-045|筲箕灣東官立中學
010-045-2424|010-045|蘇浙公學
010-045-2425|010-045|嶺南中學
010-045-2426|010-045|文理書院(香港)
010-045-2427|010-045|聖貞德中學
010-045-2428|010-045|嶺南衡怡紀念中學
010-045-2429|010-045|張振興伉儷書院
010-045-2430|010-045|中華基督教會桂華山中學
010-045-2431|010-045|伊斯蘭脫維善紀念中學
010-045-2432|010-045|閩僑中學
010-045-2433|010-045|聖公會李福慶中學
010-045-2434|010-045|明愛柴灣馬登基金中學
010-045-2435|010-045|啓新書院
010-045-2436|010-045|沙田培英中學
010-045-2437|010-045|沙田崇真中學
010-045-2438|010-045|浸信會呂明才中學
010-045-2439|010-045|聖公會曾肇添中學
010-045-2440|010-045|聖公會林裘謀中學
010-045-2441|010-045|沙田官立中學
010-045-2442|010-045|沙田循道衛理中學
010-045-2443|010-045|沙田蘇浙公學
010-045-2444|010-045|聖羅撒書院
010-045-2445|010-045|培僑書院
010-045-2446|010-045|天主教郭得勝中學
010-045-2447|010-045|五旬節林漢光中學
010-045-2448|010-045|聖母無玷聖心書院
010-045-2449|010-045|賽馬會體藝中學
010-045-2450|010-045|香港九龍塘基督教中華宣道會鄭榮之中學
010-045-2451|010-045|香港浸會大學附屬學校王錦輝中小學
010-045-2452|010-045|香港神託會培基書院
010-045-2453|010-045|保良局胡忠中學
010-045-2454|010-045|基督書院
010-045-2455|010-045|馬鞍山崇真中學
010-045-2456|010-045|馬鞍山聖若瑟中學
010-045-2457|010-045|樂善堂楊葛小琳中學
010-045-2458|010-045|博愛醫院陳楷紀念中學
010-045-2459|010-045|青年會書院
010-045-2460|010-045|香港中國婦女會馮堯敬紀念中學
010-045-2461|010-045|香港中文大學校友會聯會陳震夏中學
010-045-2462|010-045|梁文燕紀念中學(沙田)
010-045-2463|010-045|五育中學
010-045-2464|010-045|佛教覺光法師中學
010-045-2465|010-045|德信中學
010-045-2466|010-045|東華三院馮黃鳳亭中學
010-045-2467|010-045|林大輝中學
010-045-2468|010-045|潮州會館中學
010-045-2469|010-045|佛教黃允畋中學
010-045-2470|010-045|台山商會中學
010-045-2471|010-045|東莞工商總會劉百樂中學
010-045-2472|010-045|東華三院黃鳳翎中學
010-045-2473|010-045|香港聖瑪加利女書院
010-045-2474|010-045|曾璧山中學
010-045-2475|010-045|樂道中學
010-045-2476|010-045|仁濟醫院董之英紀念中學
010-045-2477|010-045|保良局朱敬文中學
010-045-2478|010-045|明愛馬鞍山中學
010-045-2479|010-045|東華三院邱金元中學
010-045-2480|010-045|保良局莊啟程預科書院
010-045-2481|010-045|真光女書院
010-045-2482|010-045|伊利沙伯中學
010-045-2483|010-045|嘉諾撒聖瑪利書院
010-045-2484|010-045|拔萃女書院
010-045-2485|010-045|九龍華仁書院
010-045-2486|010-045|聖芳濟書院
010-045-2487|010-045|中華基督教會銘基書院
010-045-2488|010-045|香港管理專業協會李國寶中學
010-045-2489|010-045|循道中學
010-045-2490|010-045|世界龍岡學校劉皇發中學
010-045-2491|010-045|港九潮州公會中學
010-045-2492|010-045|基督教香港信義會信義中學
010-045-2493|010-045|聖公會諸聖中學
010-045-2494|010-045|天主教新民書院
010-045-2495|010-045|麗澤中學
010-045-2496|010-045|九龍三育中學
010-045-2497|010-045|官立嘉道理爵士中學(西九龍)
010-045-2498|010-045|崇正中學
010-045-2499|010-045|英華書院
010-045-2500|010-045|寶血會上智英文書院
010-045-2501|010-045|中華基督教會銘賢書院
010-045-2502|010-045|聖母玫瑰書院
010-045-2503|010-045|瑪利諾神父教會學校
010-045-2504|010-045|保良局蔡繼有學校
010-045-2505|010-045|長沙灣天主教英文中學
010-045-2506|010-045|香島中學
010-045-2507|010-045|香港四邑商工總會黃棣珊紀念中學
010-045-2508|010-045|德雅中學
010-045-2509|010-045|保良局唐乃勤初中書院
010-045-2510|010-045|聖瑪加利男女英文中小學
010-045-2511|010-045|基督教崇真中學
010-045-2512|010-045|佛教大雄中學
010-045-2513|010-045|匯基書院
010-045-2514|010-045|路德會協同中學
010-045-2515|010-045|東華三院張明添中學
010-045-2516|010-045|聖公會聖馬利亞堂莫慶堯中學
010-045-2517|010-045|地利亞修女紀念學校(百老匯)
010-045-2518|010-045|陳樹渠紀念中學
010-045-2519|010-045|德貞女子中學
010-045-2520|010-045|九龍工業學校
010-045-2521|010-045|中聖書院
010-045-2522|010-045|地利亞修女紀念學校(吉利徑)
010-045-2523|010-045|天主教南華中學
010-045-2524|010-045|廠商會中學
010-045-2525|010-045|惠僑英文中學
010-045-2526|010-045|中華基督教會公理高中書院
010-045-2527|010-045|皇仁書院
010-045-2528|010-045|聖保祿中學
010-045-2529|010-045|聖保祿學校
010-045-2530|010-045|香港真光中學
010-045-2531|010-045|瑪利曼中學
010-045-2532|010-045|香港華仁書院
010-045-2533|010-045|聖公會鄧肇堅中學
010-045-2534|010-045|嘉諾撒聖方濟各書院
010-045-2535|010-045|香港鄧鏡波書院
010-045-2536|010-045|何東中學
010-045-2537|010-045|佛教黃鳳翎中學
010-045-2538|010-045|鄧肇堅維多利亞官立中學
010-045-2539|010-045|玫瑰崗學校
010-045-2540|010-045|北角協同中學
010-045-2541|010-045|東華三院李潤田紀念中學
010-045-2542|010-045|孔聖堂中學
010-045-2543|010-045|荃灣官立中學
010-045-2544|010-045|可風中學(嗇色園主辦)
010-045-2545|010-045|寶安商會王少清中學
010-045-2546|010-045|荃灣公立何傳耀紀念中學
010-045-2547|010-045|保良局李城璧中學
010-045-2548|010-045|廖寶珊紀念書院
010-045-2549|010-045|荃灣聖芳濟中學
010-045-2550|010-045|博愛醫院歷屆總理聯誼會梁省德中學
010-045-2551|010-045|仁濟醫院林百欣中學
010-045-2552|010-045|紡織學會美國商會胡漢輝中學
010-045-2553|010-045|保良局姚連生中學
010-045-2554|010-045|路德會呂明才中學
010-045-2555|010-045|聖公會李炳中學
010-045-2556|010-045|中華傳道會安柱中學
010-045-2557|010-045|聖公會林護紀念中學
010-045-2558|010-045|天主教母佑會蕭明中學
010-045-2559|010-045|佛教善德英文中學
010-045-2560|010-045|保祿六世書院
010-045-2561|010-045|順德聯誼總會李兆基中學
010-045-2562|010-045|東華三院陳兆民中學
010-045-2563|010-045|中華基督教會全完中學
010-045-2564|010-045|保良局羅傑承(一九八三)中學
010-045-2565|010-045|東華三院伍若瑜夫人紀念中學
010-045-2566|010-045|東華三院吳祥川紀念中學
010-045-2567|010-045|樂善堂顧超文中學
010-045-2568|010-045|中華傳道會李賢堯紀念中學
010-045-2569|010-045|皇仁舊生會中學
010-045-2570|010-045|石籬天主教中學
010-045-2571|010-045|荔景天主教中學
010-045-2572|010-045|葵涌蘇浙公學
010-045-2573|010-045|迦密愛禮信中學
010-045-2574|010-045|樂善堂梁植偉紀念中學
010-045-2575|010-045|中華基督教會燕京書院
010-045-2576|010-045|裘錦秋中學(葵涌)
010-045-2577|010-045|佛教葉紀南紀念中學
010-045-2578|010-045|葵涌循道中學
010-045-2579|010-045|嶺南鍾榮光博士紀念中學
010-045-2580|010-045|獅子會中學
010-045-2581|010-045|香港四邑商工總會陳南昌紀念中學
010-045-2582|010-045|香港道教聯合會圓玄學院第一中學
010-045-2583|010-045|循道衛理聯合教會李惠利中學
010-045-2584|010-045|棉紡會中學
010-045-2585|010-045|天主教慈幼會伍少梅中學
010-045-2586|010-045|明愛聖若瑟中學
010-045-2587|010-045|香港復臨學校
010-045-2588|010-045|優才(楊殷有娣)書院
010-045-2589|010-045|迦密主恩中學
010-045-2590|010-045|景嶺書院
010-045-2591|010-045|保良局羅氏基金中學
010-045-2592|010-045|基督教宣道會宣基中學
010-045-2593|010-045|港澳信義會慕德中學
010-045-2594|010-045|將軍澳官立中學
010-045-2595|010-045|播道書院
010-045-2596|010-045|仁濟醫院王華湘中學
010-045-2597|010-045|香港華人基督教聯會真道書院
010-045-2598|010-045|保良局甲子何玉清中學
010-045-2599|010-045|啟思中學
010-045-2600|010-045|順德聯誼總會鄭裕彤中學
010-045-2601|010-045|東華三院呂潤財紀念中學
010-045-2602|010-045|博愛醫院八十週年鄧英喜中學
010-045-2603|010-045|寶覺中學
010-045-2604|010-045|香港道教聯合會圓玄學院第三中學
010-045-2605|010-045|新界西貢坑口區鄭植之中學
010-045-2606|010-045|匯知中學
010-045-2607|010-045|威靈頓教育機構張沛松紀念中學
010-045-2608|010-045|將軍澳香島中學
010-045-2609|010-045|仁濟醫院靚次伯紀念中學
010-045-2610|010-045|西貢崇真天主教學校(中學部)
010-045-2611|010-045|香海正覺蓮社佛教正覺中學
010-045-2612|010-045|馬錦明慈善基金馬陳端喜紀念中學
010-045-2613|010-045|天主教鳴遠中學
010-045-2614|010-045|路德會官塘書院
010-045-2615|010-045|藍田聖保祿中學
010-045-2616|010-045|中華基督教會蒙民偉書院
010-045-2617|010-045|聖傑靈女子中學
010-045-2618|010-045|聖言中學
010-045-2619|010-045|匯基書院(東九龍)
010-045-2620|010-045|觀塘官立中學
010-045-2621|010-045|順利天主教中學
010-045-2622|010-045|福建中學
010-045-2623|010-045|觀塘瑪利諾書院
010-045-2624|010-045|新生命教育協會呂郭碧鳳中學
010-045-2625|010-045|梁式芝書院
010-045-2626|010-045|聖安當女書院
010-045-2627|010-045|寧波公學
010-045-2628|010-045|寧波第二中學
010-045-2629|010-045|仁濟醫院羅陳楚思中學
010-045-2630|010-045|聖公會基孝中學
010-045-2631|010-045|聖公會梁季彝中學
010-045-2632|010-045|聖若瑟英文中學
010-045-2633|010-045|基督教聖約教會堅樂中學
010-045-2634|010-045|中華基督教會基智中學
010-045-2635|010-045|五邑司徒浩中學
010-045-2636|010-045|基督教中國佈道會聖道迦南書院
010-045-2637|010-045|觀塘功樂官立中學
010-045-2638|010-045|地利亞修女紀念學校(協和)
010-045-2639|010-045|香港道教聯合會青松中學
010-045-2640|010-045|高雷中學
010-045-2641|010-045|慕光英文書院
010-045-2642|010-045|瑪利諾中學
010-045-2643|010-045|佛教何南金中學
010-045-2644|010-045|地利亞修女紀念學校(月華)
010-045-2645|010-045|香港布廠商會朱石麟中學
010-045-2646|010-045|香港聖公會何明華會督中學
010-045-2647|010-045|地利亞修女紀念學校(協和二中)
010-045-2648|010-045|天主教普照中學
010-045-2649|010-045|明愛華德中書院
010-045-2650|010-045|智新書院
010-045-2651|010-045|保良局馬錦明夫人章馥仙中學
010-045-2652|010-045|港青基信書院
010-045-2653|010-045|東涌天主教學校
010-045-2654|010-045|嗇色園主辦可譽中學暨可譽小學
010-045-2655|010-045|靈糧堂怡文中學
010-045-2656|010-045|長洲官立中學
010-045-2657|010-045|香港教育工作者聯會黃楚標中學
010-045-2658|010-045|佛教慧因法師紀念中學
010-045-2659|010-045|佛教筏可紀念中學
010-045-2660|010-045|神召會馬理信書院
010-045-2661|010-045|佛教志蓮中學
010-045-2662|010-045|國際基督教優質音樂中學暨小學
010-045-2663|010-045|保良局第一張永慶中學
010-045-2664|010-045|德望學校
010-045-2665|010-045|中華基督教會協和書院
010-045-2666|010-045|保良局何蔭棠中學
010-045-2667|010-045|德愛中學
010-045-2668|010-045|聖母書院
010-045-2669|010-045|可立中學(嗇色園主辦)
010-045-2670|010-045|佛教孔仙洲紀念中學
010-045-2671|010-045|聖文德書院
010-045-2672|010-045|香港神託會培敦中學
010-045-2673|010-045|文理書院(九龍)
010-045-2674|010-045|潔心林炳炎中學
010-045-2675|010-045|天主教伍華中學
010-045-2676|010-045|彩虹邨天主教英文中學
010-045-2677|010-045|樂善堂余近卿中學
010-045-2678|010-045|中華基督教會扶輪中學
010-045-2679|010-045|聖公會聖本德中學
010-045-2680|010-045|李求恩紀念中學
010-045-2681|010-045|樂善堂王仲銘中學
010-045-2682|010-045|中華基督教會基協中學
010-045-2683|010-045|五旬節聖潔會永光書院
010-045-2684|010-045|龍翔官立中學
010-045-2685|010-045|救世軍卜維廉中學
010-045-2686|010-045|龍翔官立中學
010-045-2687|010-045|救世軍卜維廉中學
010-046-2686|010-046|香港城市大學
010-046-2687|010-046|香港浸會大學
010-046-2688|010-046|嶺南大學
010-046-2689|010-046|香港中文大學
010-046-2690|010-046|香港教育大學
010-046-2691|010-046|香港理工大學
010-046-2692|010-046|香港科技大學
010-046-2693|010-046|香港大學
010-046-2694|010-046|香港都會大學
010-046-2695|010-046|香港樹仁大學
010-046-2696|010-046|香港恒生大學
010-046-2697|010-046|東華學院
010-046-2698|010-046|香港伍倫貢學院
010-046-2699|010-046|耀中幼教學院
010-046-2700|010-046|明愛專上學院
010-046-2701|010-046|明德學院
010-046-2702|010-046|珠海學院
010-046-2703|010-046|宏恩基督教學院
010-046-2704|010-046|港專學院
010-046-2705|010-046|香港演藝學院
010-046-2706|010-046|香港能仁專上學院
010-046-2707|010-046|職業訓練局 - 香港高等教育科技學院
010-046-2708|010-046|職業訓練局
010-046-2709|010-046|香港專業教育學院
010-046-2710|010-046|香港知專設計學院
010-046-2711|010-046|國際廚藝學院
010-046-2712|010-046|卓越培訓發展中心
010-046-2713|010-046|酒店及旅遊學院 (九龍灣)
010-046-2714|010-046|酒店及旅遊學院 (薄扶林)
010-046-2715|010-046|酒店及旅遊學院 (天水圍)
010-046-2716|010-046|中華廚藝學院
010-046-2717|010-046|海事訓練學院
010-046-2718|010-046|青年學院
010-046-2719|010-046|匯縱專業發展中心
010-046-2720|010-046|展亮技能發展中心
010-046-2721|010-046|匯縱專業發展中心
010-046-2722|010-046|展亮技能發展中心
011-047-2721|011-047|九巴 /龍運
011-047-2722|011-047|城巴
011-047-2723|011-047|新巴
011-047-2724|011-047|嶼巴 (新大嶼山巴士）
011-047-2725|011-047|電車
011-047-2726|011-047|地鐵公司 (地鐵 / 輕鐵 / 馬鐵 /機鐵 （機場快綫）)
011-047-2727|011-047|高速鐵路
011-047-2728|011-047|城際客運
011-047-2729|011-047|綠van （綠色專線小巴）
011-047-2730|011-047|的士
011-047-2731|011-047|電子道路收費系統 快易通
011-047-2732|011-047|油蔴地小輪
011-047-2733|011-047|天星小輪
011-047-2734|011-047|新渡輪
011-047-2735|011-047|翠華船務
011-047-2736|011-047|噴射飛航 (信德中旅船務管理有限公司)
011-047-2737|011-047|山頂纜車
011-047-2738|011-047|Uber
011-047-2739|011-047|電召客貨車 - GoGo Van
011-047-2740|011-047|電召客貨車 - LaLaMove
011-047-2741|011-047|物流 - DHL
011-047-2742|011-047|物流 - UPS
011-047-2743|011-047|順豐
011-047-2744|011-047|物流 - UPS
011-047-2745|011-047|順豐
011-048-2744|011-048|緊急求助
011-048-2745|011-048|1823 電話中心
011-048-2746|011-048|建築署
011-048-2747|011-048|衞生署
011-048-2748|011-048|律政司
011-048-2749|011-048|教育局
011-048-2750|011-048|香港消防處
011-048-2751|011-048|香港郵政
011-048-2752|011-048|政府總部
011-048-2753|011-048|法律援助署
011-048-2754|011-048|民政事務總署
011-048-2755|011-048|香港警務處
011-048-2756|011-048|入境事務處
011-048-2757|011-048|廉政公署
011-048-2758|011-048|稅務局
011-048-2759|011-048|勞工處
011-048-2760|011-048|漁農自然護理署
011-048-2761|011-048|建築署
011-048-2762|011-048|審計署
011-048-2763|011-048|醫療輔助隊
011-048-2764|011-048|屋宇署
011-048-2765|011-048|政府統計處
011-048-2766|011-048|民眾安全服務處
011-048-2767|011-048|民航處
011-048-2768|011-048|土木工程拓展署 (包括 礦務部)
011-048-2769|011-048|公司註冊處
011-048-2770|011-048|懲教署
011-048-2771|011-048|香港海關
011-048-2772|011-048|渠務署
011-048-2773|011-048|機電工程署
011-048-2774|011-048|有關地政/規劃申請之文件
011-048-2775|011-048|環境保護署
011-048-2776|011-048|消防處
011-048-2777|011-048|食物環境衞生署
011-048-2778|011-048|政府飛行服務隊
011-048-2779|011-048|政府化驗所
011-048-2780|011-048|政府物流服務署
011-048-2781|011-048|政府產業署
011-048-2782|011-048|衞生署
011-048-2783|011-048|路政署
011-048-2784|011-048|民政事務總署
011-048-2785|011-048|香港金融管理局
011-048-2786|011-048|香港天文台
011-048-2787|011-048|房屋署
011-048-2788|011-048|房屋署
011-048-2789|011-048|入境事務處
011-048-2790|011-048|政府新聞處
011-048-2791|011-048|稅務局
011-048-2792|011-048|知識產權署
011-048-2793|011-048|投資推廣署
011-048-2794|011-048|薪諮會聯合秘書處
011-048-2795|011-048|律政司
011-048-2796|011-048|勞工處
011-048-2797|011-048|土地註冊處
011-048-2798|011-048|地政總署
011-048-2799|011-048|法律援助署
011-048-2800|011-048|康樂及文化事務署
011-048-2801|011-048|海事處
011-048-2802|011-048|通訊事務管理局辦公室(包括電影、報刊及物品管理辦事處)
011-048-2803|011-048|破產管理署
011-048-2804|011-048|規劃署
011-048-2805|011-048|郵政署
011-048-2806|011-048|香港電台
011-048-2807|011-048|差餉物業估價署
011-048-2808|011-048|選舉事務處
011-048-2809|011-048|截取通訊及監察事務專員秘書處
011-048-2810|011-048|社會福利署
011-048-2811|011-048|工業貿易署
011-048-2812|011-048|運輸署
011-048-2813|011-048|庫務署
011-048-2814|011-048|庫務署
011-048-2815|011-048|庫務署
011-048-2816|011-048|大學教育資助委員會秘書處
011-048-2817|011-048|水務署
011-048-2818|011-048|在職家庭及學生資助事務處
011-048-2819|011-048|在職家庭及學生資助事務處
011-048-2820|011-048|民政諮詢中心
011-048-2821|011-048|中西區民政諮詢中心
011-048-2822|011-048|東區民政諮詢中心
011-048-2823|011-048|南區民政諮詢中心
011-048-2824|011-048|灣仔民政諮詢中心
011-048-2825|011-048|九龍城民政諮詢中心
011-048-2826|011-048|觀塘民政諮詢中心
011-048-2827|011-048|深水埗民政諮詢中心
011-048-2828|011-048|黃大仙民政諮詢中心
011-048-2829|011-048|油尖旺民政諮詢中心
011-048-2830|011-048|離島民政諮詢中心 ( 長洲 )
011-048-2831|011-048|離島民政諮詢中心 ( 梅窩 )
011-048-2832|011-048|離島民政諮詢中心 ( 東涌 )
011-048-2833|011-048|葵青民政諮詢中心
011-048-2834|011-048|北區民政諮詢中心
011-048-2835|011-048|西貢民政諮詢中心
011-048-2836|011-048|沙田民政諮詢中心
011-048-2837|011-048|大埔民政諮詢中心
011-048-2838|011-048|荃灣民政諮詢中心
011-048-2839|011-048|屯門民政諮詢中心
011-048-2840|011-048|元朗民政諮詢中心
011-048-2841|011-048|屯門民政諮詢中心
011-048-2842|011-048|元朗民政諮詢中心
011-049-2841|011-049|中華電力
011-049-2842|011-049|香港電燈
011-049-2843|011-049|煤氣
011-049-2844|011-049|水務署
011-049-2845|011-049|渠務署
011-049-2846|011-049|now TV
011-049-2847|011-049|電視廣播有限公司
011-049-2848|011-049|香港商業廣播有限公司
011-049-2849|011-049|香港電台
011-049-2850|011-049|香港有線電視有限公司
011-049-2851|011-049|新城廣播有限公司
011-049-2852|011-049|Viu TV
011-049-2853|011-049|新城廣播有限公司
011-049-2854|011-049|Viu TV
012-050-2853|012-050|百老滙院線
012-050-2854|012-050|英皇戲院
012-050-2855|012-050|Cinema City 戲院
012-050-2856|012-050|MCL戲院
012-050-2857|012-050|ACX Cinemas
012-050-2858|012-050|嘉禾戲院
012-050-2859|012-050|其他
012-050-2860|012-050|嘉禾戲院
012-050-2861|012-050|其他
012-051-2860|012-051|香港賽馬會
012-051-2861|012-051|香港大球場
012-051-2862|012-051|旺角大球場
012-051-2863|012-051|賽馬會滘西洲公眾高爾夫球場
012-051-2864|012-051|南華體育會
012-051-2865|012-051|南華體育會 - 九龍京士柏網球中心
012-051-2866|012-051|香港木球會
012-051-2867|012-051|深灣遊艇會
012-051-2868|012-051|美國會（城市及大潭會所）
012-051-2869|012-051|中國會
012-051-2870|012-051|中華遊樂會
012-051-2871|012-051|清水灣鄉村俱樂部
012-051-2872|012-051|紀利華木球會
012-051-2873|012-051|皇朝會
012-051-2874|012-051|香港足球會
012-051-2875|012-051|九龍木球會
012-051-2876|012-051|婦女會
012-051-2877|012-051|太平洋會
012-051-2878|012-051|九龍仔業主會
012-051-2879|012-051|又一村花園俱樂部
012-051-2880|012-051|警察體育遊樂會
012-051-2881|012-051|菲律賓會
012-051-2882|012-051|白沙灣遊艇會
012-051-2883|012-051|香港政府華員會
012-051-2884|012-051|香港哥爾夫球會
012-051-2885|012-051|九龍草地滾球會
012-051-2886|012-051|九龍塘會
012-051-2887|012-051|香港遊艇會
012-051-2888|012-051|九龍塘會
012-051-2889|012-051|香港遊艇會
012-052-2888|012-052|任天堂
012-052-2889|012-052|PlayStation
012-052-2890|012-052|神魔之塔
012-052-2891|012-052|戲谷
012-052-2892|012-052|EA Sports (FIFA)
012-052-2893|012-052|戲谷
012-052-2894|012-052|EA Sports (FIFA)
012-053-2893|012-053|Netflix
012-053-2894|012-053|Disney +
012-053-2895|012-053|Viu OTT
012-053-2896|012-053|YouTube
012-053-2897|012-053|Facebook /Instagram
012-053-2898|012-053|哔哩哔哩
012-053-2899|012-053|雅虎
012-053-2900|012-053|Google Play
012-053-2901|012-053|Apple (Game, App, Apple TV＋)
012-053-2903|012-053|Apple (Game, App, Apple TV＋)
012-054-2902|012-054|香港迪士尼樂園
012-054-2903|012-054|海洋公園
012-054-2904|012-054|香港傷健協會 - 賽馬會傷健營
012-054-2905|012-054|香港明愛–愛暉營
012-054-2906|012-054|香港明愛 - 賽馬會小塘營
012-054-2907|012-054|香港小童群益會白普理營
012-054-2908|012-054|香港基督教女青年會 - 梁紹榮度假村
012-054-2909|012-054|救世軍 - 白普理營
012-054-2910|012-054|救世軍 - 馬灣青年營
012-054-2911|012-054|香港中華基督教青年會 - 獅子會-青年會將軍澳青年營
012-054-2912|012-054|香港中華基督教青年會 -烏溪沙青年新村
012-054-2913|012-054|香港中華基督教青年會-聯青社-青年會黃宜洲青年營
012-054-2914|012-054|香港青年獎勵計劃 - 賽馬會愛丁堡公爵訓練營
012-054-2915|012-054|香港遊樂場協會 - 賽馬會銀礦灣營
012-054-2916|012-054|伸手助人協會樟木頭老人度假中心
012-054-2917|012-054|保良局賽馬會北潭涌度假營
012-054-2918|012-054|保良局賽馬會大棠渡假村
012-054-2919|012-054|突破機構突破青年村
012-054-2920|012-054|香港女童軍總會博康營地
012-054-2921|012-054|香港少年領袖團萬宜訓練營
012-054-2922|012-054|香港少林武術中心慈善有限公司香港少林武術文化中心
012-054-2923|012-054|香港青年旅舍協會YHA美荷樓青年旅舍
012-054-2924|012-054|香港青年旅舍協會YHA昂坪戴維斯青年旅舍
012-054-2925|012-054|香港青年旅舍協會賽馬會摩星嶺青年旅舍
012-054-2926|012-054|香港青年旅舍協會白沙澳青年旅舍
012-054-2927|012-054|香港青年旅舍協會白普理賽馬會大美督青年旅舍
012-054-2928|012-054|香港青年旅舍協會施樂園大帽山青年旅舍
012-054-2929|012-054|香港青年旅舍協會白普理赤徑青年旅舍
012-054-2930|012-054|香港明愛家暉苑
012-054-2931|012-054|神託會靈基營
012-054-2932|012-054|香港浸信會聯會浸會園
012-054-2933|012-054|基督教香港信義會道恩青年營/榮真堂營地
012-054-2934|012-054|香港童軍總會基維爾營地/沙田童軍中心
012-054-2935|012-054|香港基督教循道衛理聯合教會衛理園
012-054-2936|012-054|香港遊樂場協會東涌營
012-054-2937|012-054|展能運動村有限公司展能運動村
012-054-2938|012-054|鮑思高慈幼會賽馬會長洲鮑思高青年中心
012-054-2939|012-054|鯉魚門公園度假營
012-054-2940|012-054|麥理浩夫人度假村
012-054-2941|012-054|西貢戶外康樂中心
012-054-2942|012-054|曹公潭戶外康樂中心
012-054-2943|012-054|貝澳營地
012-054-2944|012-054|創興水上活動中心
012-054-2945|012-054|赤柱正灘水上活動中心
012-054-2946|012-054|聖士提反灣水上活動中心
012-054-2947|012-054|大美督水上活動中心
012-054-2948|012-054|賽馬會黃石水上活動中心
012-054-2949|012-054|大美督水上活動中心
012-054-2950|012-054|賽馬會黃石水上活動中心
﻿﻿002-004-050|002-004|中信銀行國際有限公司
﻿﻿002-007-100|002-007|意大利忠利保險(香港)
﻿﻿002-008-150|002-008|柏瑞投資亞洲有限公司
﻿﻿003-010-200|003-010|三菱電機
﻿﻿003-012-250|003-012|Ulefone
﻿﻿004-014-300|004-014|世貿中心
﻿﻿004-015-350|004-015|美麗華集團
﻿﻿005-018-400|005-018|永興藥房
﻿﻿005-018-450|005-018|正安中西藥房
﻿﻿005-018-500|005-018|誠德大藥房
﻿﻿005-018-550|005-018|智文藥房（沙田）
﻿﻿005-018-600|005-018|和田藥妝
﻿﻿005-022-650|005-022|敍福樓
﻿﻿005-024-700|005-024|Fuel Espresso
﻿﻿006-027-750|006-027|維他 / 維他奶
﻿﻿006-031-800|006-031|DCH Auriga (Hong Kong) Ltd.
﻿﻿006-031-850|006-031|景豐香港貿易有限公司
﻿﻿007-032-1002|007-032|MAX&Co.
﻿﻿007-032-1052|007-032|Tommy Hilfiger
﻿﻿007-032-900|007-032|BIKIND
﻿﻿007-032-952|007-032|古馳
﻿﻿007-033-1102|007-033|LA MER
﻿﻿007-034-1152|007-034|Fox & The Barber
﻿﻿007-034-1202|007-034|Sense of Touch - Central
﻿﻿007-035-1252|007-035|Pure Fitness
﻿﻿007-036-1302|007-036|東區尤德夫人那打素醫院
﻿﻿008-037-1352|008-037|Fossil
﻿﻿008-038-1402|008-038|PN Diamond
﻿﻿009-039-1452|009-039|香港君悅酒店
﻿﻿009-039-1502|009-039|九龍東如心酒店
﻿﻿009-039-1552|009-039|奕居
﻿﻿009-040-1602|009-040|土耳其領事館
﻿﻿009-041-1652|009-041|吉祥航空
﻿﻿009-043-1702|009-043|CheapTickets.hk
﻿﻿010-044-1752|010-044|聖公會奉基千禧小學
﻿﻿010-044-1802|010-044|惇裕學校
﻿﻿010-044-1852|010-044|方樹福堂基金方樹泉小學
﻿﻿010-044-1902|010-044|道教青松小學
﻿﻿010-044-1952|010-044|北角官立小學
﻿﻿010-044-2002|010-044|油蔴地天主教小學(海泓道)
﻿﻿010-044-2052|010-044|軒尼詩道官立小學(銅鑼灣)
﻿﻿010-044-2102|010-044|石籬聖若望天主教小學
﻿﻿010-044-2152|010-044|閩僑小學
﻿﻿010-044-2202|010-044|黃大仙天主教小學
﻿﻿010-045-2252|010-045|保良局顏寶鈴書院
﻿﻿010-045-2302|010-045|東華三院馬振玉紀念中學
﻿﻿010-045-2352|010-045|聖公會莫壽增會督中學
﻿﻿010-045-2402|010-045|鐘聲慈善社胡陳金枝中學
﻿﻿010-045-2452|010-045|香港九龍塘基督教中華宣道會鄭榮之中學
﻿﻿010-045-2502|010-045|寶血會上智英文書院
﻿﻿010-045-2552|010-045|博愛醫院歷屆總理聯誼會梁省德中學
﻿﻿010-045-2602|010-045|順德聯誼總會鄭裕彤中學
﻿﻿010-045-2652|010-045|智新書院
﻿﻿010-046-2702|010-046|明愛專上學院
﻿﻿011-048-2752|011-048|香港消防處
﻿﻿011-048-2802|011-048|康樂及文化事務署
﻿﻿011-049-2852|011-049|香港有線電視有限公司
﻿﻿012-053-2902|012-053|Google Play
